-- root-types-contained: SystemModel_c,PackageableElement_c,DataType_c,CoreDataType_c,UserDataType_c
-- BP 7.1 content: StreamData syschar: 3 persistence-version: 7.1.6

INSERT INTO S_SYS
	VALUES ("18e54930-08c5-4e33-be2b-a9ecc8e9cb4d",
	'ZumoLineTracer',
	1);
INSERT INTO EP_PKG
	VALUES ("f3be1b23-cefa-4a72-8845-109261838238",
	"18e54930-08c5-4e33-be2b-a9ecc8e9cb4d",
	"18e54930-08c5-4e33-be2b-a9ecc8e9cb4d",
	'External Entities',
	'',
	0);
INSERT INTO PE_PE
	VALUES ("f343b7f1-727d-4f63-a50f-6bc6f8fe2ea1",
	1,
	"f3be1b23-cefa-4a72-8845-109261838238",
	"00000000-0000-0000-0000-000000000000",
	5);
INSERT INTO S_EE
	VALUES ("f343b7f1-727d-4f63-a50f-6bc6f8fe2ea1",
	'Time',
	'The Time external entity provides date, timestamp, and timer related operations.',
	'TIM',
	"00000000-0000-0000-0000-000000000000",
	'',
	'Time',
	1);
INSERT INTO S_BRG
	VALUES ("0c17e80f-036d-46d4-b581-5b72379e092a",
	"f343b7f1-727d-4f63-a50f-6bc6f8fe2ea1",
	'current_date',
	'',
	1,
	"ba5eda7a-def5-0000-0000-00000000000e",
	'',
	1,
	'',
	0);
INSERT INTO ACT_BRB
	VALUES ("22b09160-3cc5-4447-aba3-1dbf192e7450",
	"0c17e80f-036d-46d4-b581-5b72379e092a");
INSERT INTO ACT_ACT
	VALUES ("22b09160-3cc5-4447-aba3-1dbf192e7450",
	'bridge',
	0,
	"2d347248-2f7f-4b43-8369-afdabf5fb66c",
	"00000000-0000-0000-0000-000000000000",
	0,
	'Time::current_date',
	"00000000-0000-0000-0000-000000000000");
INSERT INTO ACT_BLK
	VALUES ("2d347248-2f7f-4b43-8369-afdabf5fb66c",
	0,
	0,
	0,
	'',
	'',
	'',
	0,
	0,
	0,
	0,
	0,
	0,
	0,
	0,
	0,
	0,
	0,
	0,
	0,
	"22b09160-3cc5-4447-aba3-1dbf192e7450",
	"00000000-0000-0000-0000-000000000000");
INSERT INTO S_BRG
	VALUES ("776b3b19-9bb0-45e8-9c9a-dff68888c9ae",
	"f343b7f1-727d-4f63-a50f-6bc6f8fe2ea1",
	'create_date',
	'',
	1,
	"ba5eda7a-def5-0000-0000-00000000000e",
	'',
	1,
	'',
	0);
INSERT INTO S_BPARM
	VALUES ("5ff38f9c-f380-483f-a53e-f6a0ae3e4121",
	"776b3b19-9bb0-45e8-9c9a-dff68888c9ae",
	'second',
	"ba5eda7a-def5-0000-0000-000000000002",
	0,
	'',
	"018e868a-7ee8-4e45-85b1-1c76a9ca3a79",
	'');
INSERT INTO S_BPARM
	VALUES ("f6bb2c34-aea6-40f5-a525-fa7fe01b8ea9",
	"776b3b19-9bb0-45e8-9c9a-dff68888c9ae",
	'minute',
	"ba5eda7a-def5-0000-0000-000000000002",
	0,
	'',
	"e3379f53-d500-4cf9-b2be-c597954051fa",
	'');
INSERT INTO S_BPARM
	VALUES ("e3379f53-d500-4cf9-b2be-c597954051fa",
	"776b3b19-9bb0-45e8-9c9a-dff68888c9ae",
	'hour',
	"ba5eda7a-def5-0000-0000-000000000002",
	0,
	'',
	"8e105ac2-1412-4282-967f-d71a9906ae17",
	'');
INSERT INTO S_BPARM
	VALUES ("8e105ac2-1412-4282-967f-d71a9906ae17",
	"776b3b19-9bb0-45e8-9c9a-dff68888c9ae",
	'day',
	"ba5eda7a-def5-0000-0000-000000000002",
	0,
	'',
	"00000000-0000-0000-0000-000000000000",
	'');
INSERT INTO S_BPARM
	VALUES ("018e868a-7ee8-4e45-85b1-1c76a9ca3a79",
	"776b3b19-9bb0-45e8-9c9a-dff68888c9ae",
	'month',
	"ba5eda7a-def5-0000-0000-000000000002",
	0,
	'',
	"f6bb2c34-aea6-40f5-a525-fa7fe01b8ea9",
	'');
INSERT INTO S_BPARM
	VALUES ("52f2c3f2-bd65-44f2-98e9-958dddde3200",
	"776b3b19-9bb0-45e8-9c9a-dff68888c9ae",
	'year',
	"ba5eda7a-def5-0000-0000-000000000002",
	0,
	'',
	"5ff38f9c-f380-483f-a53e-f6a0ae3e4121",
	'');
INSERT INTO ACT_BRB
	VALUES ("71d04d70-0d45-45ce-9abf-9c1202ba0bec",
	"776b3b19-9bb0-45e8-9c9a-dff68888c9ae");
INSERT INTO ACT_ACT
	VALUES ("71d04d70-0d45-45ce-9abf-9c1202ba0bec",
	'bridge',
	0,
	"e4401205-f79e-441b-a164-856ea97b346b",
	"00000000-0000-0000-0000-000000000000",
	0,
	'Time::create_date',
	"00000000-0000-0000-0000-000000000000");
INSERT INTO ACT_BLK
	VALUES ("e4401205-f79e-441b-a164-856ea97b346b",
	0,
	0,
	0,
	'',
	'',
	'',
	0,
	0,
	0,
	0,
	0,
	0,
	0,
	0,
	0,
	0,
	0,
	0,
	0,
	"71d04d70-0d45-45ce-9abf-9c1202ba0bec",
	"00000000-0000-0000-0000-000000000000");
INSERT INTO S_BRG
	VALUES ("3b217fe2-e594-40dd-8077-7bc926b44688",
	"f343b7f1-727d-4f63-a50f-6bc6f8fe2ea1",
	'get_second',
	'',
	1,
	"ba5eda7a-def5-0000-0000-000000000002",
	'',
	1,
	'',
	0);
INSERT INTO S_BPARM
	VALUES ("14426ec3-1a12-4934-b667-7577804ab5b3",
	"3b217fe2-e594-40dd-8077-7bc926b44688",
	'date',
	"ba5eda7a-def5-0000-0000-00000000000e",
	0,
	'',
	"00000000-0000-0000-0000-000000000000",
	'');
INSERT INTO ACT_BRB
	VALUES ("92166bd9-1704-4b8e-8076-3dec31560800",
	"3b217fe2-e594-40dd-8077-7bc926b44688");
INSERT INTO ACT_ACT
	VALUES ("92166bd9-1704-4b8e-8076-3dec31560800",
	'bridge',
	0,
	"0d25d793-0549-424e-9032-fd4f23c3675d",
	"00000000-0000-0000-0000-000000000000",
	0,
	'Time::get_second',
	"00000000-0000-0000-0000-000000000000");
INSERT INTO ACT_BLK
	VALUES ("0d25d793-0549-424e-9032-fd4f23c3675d",
	0,
	0,
	0,
	'',
	'',
	'',
	0,
	0,
	0,
	0,
	0,
	0,
	0,
	0,
	0,
	0,
	0,
	0,
	0,
	"92166bd9-1704-4b8e-8076-3dec31560800",
	"00000000-0000-0000-0000-000000000000");
INSERT INTO S_BRG
	VALUES ("63d09ad7-9f98-4c2c-bb57-176ce8805184",
	"f343b7f1-727d-4f63-a50f-6bc6f8fe2ea1",
	'get_minute',
	'',
	1,
	"ba5eda7a-def5-0000-0000-000000000002",
	'',
	1,
	'',
	0);
INSERT INTO S_BPARM
	VALUES ("92f8e9bd-00c8-4c50-9b4e-c01af659f45c",
	"63d09ad7-9f98-4c2c-bb57-176ce8805184",
	'date',
	"ba5eda7a-def5-0000-0000-00000000000e",
	0,
	'',
	"00000000-0000-0000-0000-000000000000",
	'');
INSERT INTO ACT_BRB
	VALUES ("e40defe7-abac-4296-b2f5-67c2a17f4e1e",
	"63d09ad7-9f98-4c2c-bb57-176ce8805184");
INSERT INTO ACT_ACT
	VALUES ("e40defe7-abac-4296-b2f5-67c2a17f4e1e",
	'bridge',
	0,
	"a5aa55a0-53ac-48de-8dc5-64d4084d4585",
	"00000000-0000-0000-0000-000000000000",
	0,
	'Time::get_minute',
	"00000000-0000-0000-0000-000000000000");
INSERT INTO ACT_BLK
	VALUES ("a5aa55a0-53ac-48de-8dc5-64d4084d4585",
	0,
	0,
	0,
	'',
	'',
	'',
	0,
	0,
	0,
	0,
	0,
	0,
	0,
	0,
	0,
	0,
	0,
	0,
	0,
	"e40defe7-abac-4296-b2f5-67c2a17f4e1e",
	"00000000-0000-0000-0000-000000000000");
INSERT INTO S_BRG
	VALUES ("44e4381a-a657-4445-a655-40d244a7d5a2",
	"f343b7f1-727d-4f63-a50f-6bc6f8fe2ea1",
	'get_hour',
	'',
	1,
	"ba5eda7a-def5-0000-0000-000000000002",
	'',
	1,
	'',
	0);
INSERT INTO S_BPARM
	VALUES ("17f97628-a13f-42fc-addf-90aedf853f20",
	"44e4381a-a657-4445-a655-40d244a7d5a2",
	'date',
	"ba5eda7a-def5-0000-0000-00000000000e",
	0,
	'',
	"00000000-0000-0000-0000-000000000000",
	'');
INSERT INTO ACT_BRB
	VALUES ("ac16e47a-9546-4c53-a374-6ccaf69c587a",
	"44e4381a-a657-4445-a655-40d244a7d5a2");
INSERT INTO ACT_ACT
	VALUES ("ac16e47a-9546-4c53-a374-6ccaf69c587a",
	'bridge',
	0,
	"3a1d9633-ae28-4c60-b71e-52e150a498f0",
	"00000000-0000-0000-0000-000000000000",
	0,
	'Time::get_hour',
	"00000000-0000-0000-0000-000000000000");
INSERT INTO ACT_BLK
	VALUES ("3a1d9633-ae28-4c60-b71e-52e150a498f0",
	0,
	0,
	0,
	'',
	'',
	'',
	0,
	0,
	0,
	0,
	0,
	0,
	0,
	0,
	0,
	0,
	0,
	0,
	0,
	"ac16e47a-9546-4c53-a374-6ccaf69c587a",
	"00000000-0000-0000-0000-000000000000");
INSERT INTO S_BRG
	VALUES ("737c8648-9013-4214-9568-79daeb73238c",
	"f343b7f1-727d-4f63-a50f-6bc6f8fe2ea1",
	'get_day',
	'',
	1,
	"ba5eda7a-def5-0000-0000-000000000002",
	'',
	1,
	'',
	0);
INSERT INTO S_BPARM
	VALUES ("1ef669c8-b3e3-4623-8c27-9b5c8718cfa8",
	"737c8648-9013-4214-9568-79daeb73238c",
	'date',
	"ba5eda7a-def5-0000-0000-00000000000e",
	0,
	'',
	"00000000-0000-0000-0000-000000000000",
	'');
INSERT INTO ACT_BRB
	VALUES ("fa4050c1-ec1a-4e32-bf54-ba7e23d9fbfb",
	"737c8648-9013-4214-9568-79daeb73238c");
INSERT INTO ACT_ACT
	VALUES ("fa4050c1-ec1a-4e32-bf54-ba7e23d9fbfb",
	'bridge',
	0,
	"aab10fe2-85c1-45cb-aa44-89b1a9325ad3",
	"00000000-0000-0000-0000-000000000000",
	0,
	'Time::get_day',
	"00000000-0000-0000-0000-000000000000");
INSERT INTO ACT_BLK
	VALUES ("aab10fe2-85c1-45cb-aa44-89b1a9325ad3",
	0,
	0,
	0,
	'',
	'',
	'',
	0,
	0,
	0,
	0,
	0,
	0,
	0,
	0,
	0,
	0,
	0,
	0,
	0,
	"fa4050c1-ec1a-4e32-bf54-ba7e23d9fbfb",
	"00000000-0000-0000-0000-000000000000");
INSERT INTO S_BRG
	VALUES ("d01a1a6b-dea3-49c8-b9ff-b5628bf7e795",
	"f343b7f1-727d-4f63-a50f-6bc6f8fe2ea1",
	'get_month',
	'',
	1,
	"ba5eda7a-def5-0000-0000-000000000002",
	'',
	1,
	'',
	0);
INSERT INTO S_BPARM
	VALUES ("e86e1ed1-2efa-47fd-8247-b009575333bc",
	"d01a1a6b-dea3-49c8-b9ff-b5628bf7e795",
	'date',
	"ba5eda7a-def5-0000-0000-00000000000e",
	0,
	'',
	"00000000-0000-0000-0000-000000000000",
	'');
INSERT INTO ACT_BRB
	VALUES ("eff2f919-688d-4136-ad37-8190e8954ce3",
	"d01a1a6b-dea3-49c8-b9ff-b5628bf7e795");
INSERT INTO ACT_ACT
	VALUES ("eff2f919-688d-4136-ad37-8190e8954ce3",
	'bridge',
	0,
	"ddd86a37-45bc-4529-8d04-9d564cf3a4cd",
	"00000000-0000-0000-0000-000000000000",
	0,
	'Time::get_month',
	"00000000-0000-0000-0000-000000000000");
INSERT INTO ACT_BLK
	VALUES ("ddd86a37-45bc-4529-8d04-9d564cf3a4cd",
	0,
	0,
	0,
	'',
	'',
	'',
	0,
	0,
	0,
	0,
	0,
	0,
	0,
	0,
	0,
	0,
	0,
	0,
	0,
	"eff2f919-688d-4136-ad37-8190e8954ce3",
	"00000000-0000-0000-0000-000000000000");
INSERT INTO S_BRG
	VALUES ("727a24b6-fa79-486e-a8af-7d3e88d923a6",
	"f343b7f1-727d-4f63-a50f-6bc6f8fe2ea1",
	'get_year',
	'',
	1,
	"ba5eda7a-def5-0000-0000-000000000002",
	'',
	1,
	'',
	0);
INSERT INTO S_BPARM
	VALUES ("1ca08b3c-c539-453f-90c7-77a75c144a57",
	"727a24b6-fa79-486e-a8af-7d3e88d923a6",
	'date',
	"ba5eda7a-def5-0000-0000-00000000000e",
	0,
	'',
	"00000000-0000-0000-0000-000000000000",
	'');
INSERT INTO ACT_BRB
	VALUES ("83f82fe3-f3af-4685-aa8b-a0e47ecc8083",
	"727a24b6-fa79-486e-a8af-7d3e88d923a6");
INSERT INTO ACT_ACT
	VALUES ("83f82fe3-f3af-4685-aa8b-a0e47ecc8083",
	'bridge',
	0,
	"ae9fb7e4-401e-4440-9c40-70839feead72",
	"00000000-0000-0000-0000-000000000000",
	0,
	'Time::get_year',
	"00000000-0000-0000-0000-000000000000");
INSERT INTO ACT_BLK
	VALUES ("ae9fb7e4-401e-4440-9c40-70839feead72",
	0,
	0,
	0,
	'',
	'',
	'',
	0,
	0,
	0,
	0,
	0,
	0,
	0,
	0,
	0,
	0,
	0,
	0,
	0,
	"83f82fe3-f3af-4685-aa8b-a0e47ecc8083",
	"00000000-0000-0000-0000-000000000000");
INSERT INTO S_BRG
	VALUES ("4cc5fca1-cd5c-4048-a86b-1829647c8a48",
	"f343b7f1-727d-4f63-a50f-6bc6f8fe2ea1",
	'current_clock',
	'',
	1,
	"ba5eda7a-def5-0000-0000-000000000010",
	'',
	1,
	'',
	0);
INSERT INTO ACT_BRB
	VALUES ("6b4f6dfe-8a39-4673-8452-989430fc876d",
	"4cc5fca1-cd5c-4048-a86b-1829647c8a48");
INSERT INTO ACT_ACT
	VALUES ("6b4f6dfe-8a39-4673-8452-989430fc876d",
	'bridge',
	0,
	"9c47e7e3-dee2-4817-ad19-170a2577e00d",
	"00000000-0000-0000-0000-000000000000",
	0,
	'Time::current_clock',
	"00000000-0000-0000-0000-000000000000");
INSERT INTO ACT_BLK
	VALUES ("9c47e7e3-dee2-4817-ad19-170a2577e00d",
	0,
	0,
	0,
	'',
	'',
	'',
	0,
	0,
	0,
	0,
	0,
	0,
	0,
	0,
	0,
	0,
	0,
	0,
	0,
	"6b4f6dfe-8a39-4673-8452-989430fc876d",
	"00000000-0000-0000-0000-000000000000");
INSERT INTO S_BRG
	VALUES ("18a2de57-8001-4629-9433-a53f8e5ab7a2",
	"f343b7f1-727d-4f63-a50f-6bc6f8fe2ea1",
	'timer_start',
	'',
	1,
	"ba5eda7a-def5-0000-0000-00000000000f",
	'',
	1,
	'',
	0);
INSERT INTO S_BPARM
	VALUES ("6fd37cae-520c-46b4-9e06-30d731814534",
	"18a2de57-8001-4629-9433-a53f8e5ab7a2",
	'microseconds',
	"ba5eda7a-def5-0000-0000-000000000002",
	0,
	'',
	"69233a72-75a2-4ce9-ba18-2c83a18e2c3d",
	'');
INSERT INTO S_BPARM
	VALUES ("69233a72-75a2-4ce9-ba18-2c83a18e2c3d",
	"18a2de57-8001-4629-9433-a53f8e5ab7a2",
	'event_inst',
	"ba5eda7a-def5-0000-0000-00000000000a",
	0,
	'',
	"00000000-0000-0000-0000-000000000000",
	'');
INSERT INTO ACT_BRB
	VALUES ("337f4c0a-6c49-4d5b-a733-3d09c6865a7b",
	"18a2de57-8001-4629-9433-a53f8e5ab7a2");
INSERT INTO ACT_ACT
	VALUES ("337f4c0a-6c49-4d5b-a733-3d09c6865a7b",
	'bridge',
	0,
	"53535efd-8cdd-4565-9817-1bbed759f0cd",
	"00000000-0000-0000-0000-000000000000",
	0,
	'Time::timer_start',
	"00000000-0000-0000-0000-000000000000");
INSERT INTO ACT_BLK
	VALUES ("53535efd-8cdd-4565-9817-1bbed759f0cd",
	0,
	0,
	0,
	'',
	'',
	'',
	0,
	0,
	0,
	0,
	0,
	0,
	0,
	0,
	0,
	0,
	0,
	0,
	0,
	"337f4c0a-6c49-4d5b-a733-3d09c6865a7b",
	"00000000-0000-0000-0000-000000000000");
INSERT INTO S_BRG
	VALUES ("667e1ce4-cf71-4eed-a1bd-96481786c72d",
	"f343b7f1-727d-4f63-a50f-6bc6f8fe2ea1",
	'timer_start_recurring',
	'',
	1,
	"ba5eda7a-def5-0000-0000-00000000000f",
	'',
	1,
	'',
	0);
INSERT INTO S_BPARM
	VALUES ("3ef8153b-7b86-4d26-a312-83e1382a183b",
	"667e1ce4-cf71-4eed-a1bd-96481786c72d",
	'microseconds',
	"ba5eda7a-def5-0000-0000-000000000002",
	0,
	'',
	"f19a3bbf-8ceb-4f6b-a9fd-69ba479d6ef0",
	'');
INSERT INTO S_BPARM
	VALUES ("f19a3bbf-8ceb-4f6b-a9fd-69ba479d6ef0",
	"667e1ce4-cf71-4eed-a1bd-96481786c72d",
	'event_inst',
	"ba5eda7a-def5-0000-0000-00000000000a",
	0,
	'',
	"00000000-0000-0000-0000-000000000000",
	'');
INSERT INTO ACT_BRB
	VALUES ("966482b5-994d-4890-8421-3d31ed719179",
	"667e1ce4-cf71-4eed-a1bd-96481786c72d");
INSERT INTO ACT_ACT
	VALUES ("966482b5-994d-4890-8421-3d31ed719179",
	'bridge',
	0,
	"04e5f8e0-ea29-47b1-8335-0a31c44acfb2",
	"00000000-0000-0000-0000-000000000000",
	0,
	'Time::timer_start_recurring',
	"00000000-0000-0000-0000-000000000000");
INSERT INTO ACT_BLK
	VALUES ("04e5f8e0-ea29-47b1-8335-0a31c44acfb2",
	0,
	0,
	0,
	'',
	'',
	'',
	0,
	0,
	0,
	0,
	0,
	0,
	0,
	0,
	0,
	0,
	0,
	0,
	0,
	"966482b5-994d-4890-8421-3d31ed719179",
	"00000000-0000-0000-0000-000000000000");
INSERT INTO S_BRG
	VALUES ("2cd176ca-0632-4409-9a0b-f9b129f37cc5",
	"f343b7f1-727d-4f63-a50f-6bc6f8fe2ea1",
	'timer_remaining_time',
	'',
	1,
	"ba5eda7a-def5-0000-0000-000000000002",
	'',
	1,
	'',
	0);
INSERT INTO S_BPARM
	VALUES ("21588b13-0487-49c4-a246-5e662641c8ca",
	"2cd176ca-0632-4409-9a0b-f9b129f37cc5",
	'timer_inst_ref',
	"ba5eda7a-def5-0000-0000-00000000000f",
	0,
	'',
	"00000000-0000-0000-0000-000000000000",
	'');
INSERT INTO ACT_BRB
	VALUES ("2ea48cce-7726-4ba3-82b5-4d094c8a4583",
	"2cd176ca-0632-4409-9a0b-f9b129f37cc5");
INSERT INTO ACT_ACT
	VALUES ("2ea48cce-7726-4ba3-82b5-4d094c8a4583",
	'bridge',
	0,
	"0ce4f588-c61f-4dce-9adb-27a606201fe7",
	"00000000-0000-0000-0000-000000000000",
	0,
	'Time::timer_remaining_time',
	"00000000-0000-0000-0000-000000000000");
INSERT INTO ACT_BLK
	VALUES ("0ce4f588-c61f-4dce-9adb-27a606201fe7",
	0,
	0,
	0,
	'',
	'',
	'',
	0,
	0,
	0,
	0,
	0,
	0,
	0,
	0,
	0,
	0,
	0,
	0,
	0,
	"2ea48cce-7726-4ba3-82b5-4d094c8a4583",
	"00000000-0000-0000-0000-000000000000");
INSERT INTO S_BRG
	VALUES ("4d81dacc-4179-4a8c-b266-ecc3d5aef7ca",
	"f343b7f1-727d-4f63-a50f-6bc6f8fe2ea1",
	'timer_reset_time',
	'',
	1,
	"ba5eda7a-def5-0000-0000-000000000001",
	'',
	1,
	'',
	0);
INSERT INTO S_BPARM
	VALUES ("946a5627-484d-41f9-ae98-8d88bd209f09",
	"4d81dacc-4179-4a8c-b266-ecc3d5aef7ca",
	'timer_inst_ref',
	"ba5eda7a-def5-0000-0000-00000000000f",
	0,
	'',
	"f7814791-420b-4218-9e33-3ee25a92355e",
	'');
INSERT INTO S_BPARM
	VALUES ("f7814791-420b-4218-9e33-3ee25a92355e",
	"4d81dacc-4179-4a8c-b266-ecc3d5aef7ca",
	'microseconds',
	"ba5eda7a-def5-0000-0000-000000000002",
	0,
	'',
	"00000000-0000-0000-0000-000000000000",
	'');
INSERT INTO ACT_BRB
	VALUES ("5505a483-be54-4a40-a69e-195c6281f04f",
	"4d81dacc-4179-4a8c-b266-ecc3d5aef7ca");
INSERT INTO ACT_ACT
	VALUES ("5505a483-be54-4a40-a69e-195c6281f04f",
	'bridge',
	0,
	"fe8412ec-4748-43f7-953c-14da4202e0f4",
	"00000000-0000-0000-0000-000000000000",
	0,
	'Time::timer_reset_time',
	"00000000-0000-0000-0000-000000000000");
INSERT INTO ACT_BLK
	VALUES ("fe8412ec-4748-43f7-953c-14da4202e0f4",
	0,
	0,
	0,
	'',
	'',
	'',
	0,
	0,
	0,
	0,
	0,
	0,
	0,
	0,
	0,
	0,
	0,
	0,
	0,
	"5505a483-be54-4a40-a69e-195c6281f04f",
	"00000000-0000-0000-0000-000000000000");
INSERT INTO S_BRG
	VALUES ("10ed3e15-b1c8-49c3-93cc-c803199bc41d",
	"f343b7f1-727d-4f63-a50f-6bc6f8fe2ea1",
	'timer_add_time',
	'',
	1,
	"ba5eda7a-def5-0000-0000-000000000001",
	'',
	1,
	'',
	0);
INSERT INTO S_BPARM
	VALUES ("0df11b33-c70f-4518-ba23-473bc6a42ef9",
	"10ed3e15-b1c8-49c3-93cc-c803199bc41d",
	'timer_inst_ref',
	"ba5eda7a-def5-0000-0000-00000000000f",
	0,
	'',
	"a6f6973a-7393-4598-bfd2-4832f5747af5",
	'');
INSERT INTO S_BPARM
	VALUES ("a6f6973a-7393-4598-bfd2-4832f5747af5",
	"10ed3e15-b1c8-49c3-93cc-c803199bc41d",
	'microseconds',
	"ba5eda7a-def5-0000-0000-000000000002",
	0,
	'',
	"00000000-0000-0000-0000-000000000000",
	'');
INSERT INTO ACT_BRB
	VALUES ("94b3e8ba-69a2-4b4c-ba3e-75022e9a09ff",
	"10ed3e15-b1c8-49c3-93cc-c803199bc41d");
INSERT INTO ACT_ACT
	VALUES ("94b3e8ba-69a2-4b4c-ba3e-75022e9a09ff",
	'bridge',
	0,
	"3e60d03b-a200-48f5-806a-0b718ec66560",
	"00000000-0000-0000-0000-000000000000",
	0,
	'Time::timer_add_time',
	"00000000-0000-0000-0000-000000000000");
INSERT INTO ACT_BLK
	VALUES ("3e60d03b-a200-48f5-806a-0b718ec66560",
	0,
	0,
	0,
	'',
	'',
	'',
	0,
	0,
	0,
	0,
	0,
	0,
	0,
	0,
	0,
	0,
	0,
	0,
	0,
	"94b3e8ba-69a2-4b4c-ba3e-75022e9a09ff",
	"00000000-0000-0000-0000-000000000000");
INSERT INTO S_BRG
	VALUES ("f3b44ac3-2799-462e-9364-5c83dacc468f",
	"f343b7f1-727d-4f63-a50f-6bc6f8fe2ea1",
	'timer_cancel',
	'',
	1,
	"ba5eda7a-def5-0000-0000-000000000001",
	'',
	1,
	'',
	0);
INSERT INTO S_BPARM
	VALUES ("c569e774-2981-4dfa-bd0c-b7c4b54252bc",
	"f3b44ac3-2799-462e-9364-5c83dacc468f",
	'timer_inst_ref',
	"ba5eda7a-def5-0000-0000-00000000000f",
	0,
	'',
	"00000000-0000-0000-0000-000000000000",
	'');
INSERT INTO ACT_BRB
	VALUES ("1eed61f4-7e9c-4a55-a13e-35882414f09e",
	"f3b44ac3-2799-462e-9364-5c83dacc468f");
INSERT INTO ACT_ACT
	VALUES ("1eed61f4-7e9c-4a55-a13e-35882414f09e",
	'bridge',
	0,
	"9eb5e02a-3d08-4f6d-929c-be6f2bacdfb6",
	"00000000-0000-0000-0000-000000000000",
	0,
	'Time::timer_cancel',
	"00000000-0000-0000-0000-000000000000");
INSERT INTO ACT_BLK
	VALUES ("9eb5e02a-3d08-4f6d-929c-be6f2bacdfb6",
	0,
	0,
	0,
	'',
	'',
	'',
	0,
	0,
	0,
	0,
	0,
	0,
	0,
	0,
	0,
	0,
	0,
	0,
	0,
	"1eed61f4-7e9c-4a55-a13e-35882414f09e",
	"00000000-0000-0000-0000-000000000000");
INSERT INTO PE_PE
	VALUES ("558285fc-5c0e-4015-9d0e-477a537d2f44",
	1,
	"f3be1b23-cefa-4a72-8845-109261838238",
	"00000000-0000-0000-0000-000000000000",
	5);
INSERT INTO S_EE
	VALUES ("558285fc-5c0e-4015-9d0e-477a537d2f44",
	'Zumo',
	'',
	'Zumo',
	"00000000-0000-0000-0000-000000000000",
	'',
	'Zumo',
	1);
INSERT INTO S_BRG
	VALUES ("3d1f62ca-27ce-4cb1-8323-06b61bb7c15d",
	"558285fc-5c0e-4015-9d0e-477a537d2f44",
	'driveTank',
	'',
	0,
	"ba5eda7a-def5-0000-0000-000000000000",
	'',
	1,
	'',
	0);
INSERT INTO S_BPARM
	VALUES ("91118930-82f7-480c-9048-1dc49ad89e7b",
	"3d1f62ca-27ce-4cb1-8323-06b61bb7c15d",
	'left',
	"ba5eda7a-def5-0000-0000-000000000002",
	0,
	'',
	"00000000-0000-0000-0000-000000000000",
	'');
INSERT INTO S_BPARM
	VALUES ("81f9ea70-9c38-4b6f-978a-29efaa441714",
	"3d1f62ca-27ce-4cb1-8323-06b61bb7c15d",
	'right',
	"ba5eda7a-def5-0000-0000-000000000002",
	0,
	'',
	"91118930-82f7-480c-9048-1dc49ad89e7b",
	'');
INSERT INTO ACT_BRB
	VALUES ("fb8badc5-ff6b-4cc4-9fd2-ab8730da8031",
	"3d1f62ca-27ce-4cb1-8323-06b61bb7c15d");
INSERT INTO ACT_ACT
	VALUES ("fb8badc5-ff6b-4cc4-9fd2-ab8730da8031",
	'bridge',
	0,
	"4b440dc6-d514-47d9-9775-9bdfe0a04b99",
	"00000000-0000-0000-0000-000000000000",
	0,
	'Zumo::driveTank',
	"00000000-0000-0000-0000-000000000000");
INSERT INTO ACT_BLK
	VALUES ("4b440dc6-d514-47d9-9775-9bdfe0a04b99",
	0,
	0,
	0,
	'',
	'',
	'',
	0,
	0,
	0,
	0,
	0,
	0,
	0,
	0,
	0,
	0,
	0,
	0,
	0,
	"fb8badc5-ff6b-4cc4-9fd2-ab8730da8031",
	"00000000-0000-0000-0000-000000000000");
INSERT INTO PE_PE
	VALUES ("c382e126-4b89-43b5-a4bf-833c4849d894",
	1,
	"f3be1b23-cefa-4a72-8845-109261838238",
	"00000000-0000-0000-0000-000000000000",
	5);
INSERT INTO S_EE
	VALUES ("c382e126-4b89-43b5-a4bf-833c4849d894",
	'Logging',
	'',
	'LOG',
	"00000000-0000-0000-0000-000000000000",
	'',
	'Logging',
	1);
INSERT INTO S_BRG
	VALUES ("1528d1fb-3c89-464b-908e-a9be068f6569",
	"c382e126-4b89-43b5-a4bf-833c4849d894",
	'LogSuccess',
	'',
	0,
	"ba5eda7a-def5-0000-0000-000000000000",
	'',
	1,
	'',
	0);
INSERT INTO S_BPARM
	VALUES ("5ef92c1f-d0b3-4f97-a69e-7cc1c06a994e",
	"1528d1fb-3c89-464b-908e-a9be068f6569",
	'message',
	"ba5eda7a-def5-0000-0000-000000000004",
	0,
	'',
	"00000000-0000-0000-0000-000000000000",
	'');
INSERT INTO ACT_BRB
	VALUES ("3343fa72-e67b-433c-adb4-2f7767a5b300",
	"1528d1fb-3c89-464b-908e-a9be068f6569");
INSERT INTO ACT_ACT
	VALUES ("3343fa72-e67b-433c-adb4-2f7767a5b300",
	'bridge',
	0,
	"f9acd8b1-7d16-403e-8d38-6b213e85c98f",
	"00000000-0000-0000-0000-000000000000",
	0,
	'Logging::LogSuccess',
	"00000000-0000-0000-0000-000000000000");
INSERT INTO ACT_BLK
	VALUES ("f9acd8b1-7d16-403e-8d38-6b213e85c98f",
	0,
	0,
	0,
	'',
	'',
	'',
	0,
	0,
	0,
	0,
	0,
	0,
	0,
	0,
	0,
	0,
	0,
	0,
	0,
	"3343fa72-e67b-433c-adb4-2f7767a5b300",
	"00000000-0000-0000-0000-000000000000");
INSERT INTO S_BRG
	VALUES ("31d95cd6-50c4-445b-b1f6-8233174e03b3",
	"c382e126-4b89-43b5-a4bf-833c4849d894",
	'LogFailure',
	'',
	0,
	"ba5eda7a-def5-0000-0000-000000000000",
	'',
	1,
	'',
	0);
INSERT INTO S_BPARM
	VALUES ("c55dc7a5-75db-412b-9cc3-dc8edbe82678",
	"31d95cd6-50c4-445b-b1f6-8233174e03b3",
	'message',
	"ba5eda7a-def5-0000-0000-000000000004",
	0,
	'',
	"00000000-0000-0000-0000-000000000000",
	'');
INSERT INTO ACT_BRB
	VALUES ("9d038b97-6455-4fea-98f5-a1d06e7ea81c",
	"31d95cd6-50c4-445b-b1f6-8233174e03b3");
INSERT INTO ACT_ACT
	VALUES ("9d038b97-6455-4fea-98f5-a1d06e7ea81c",
	'bridge',
	0,
	"6a5df4e1-c01c-4dd6-acf9-2515b770e7ae",
	"00000000-0000-0000-0000-000000000000",
	0,
	'Logging::LogFailure',
	"00000000-0000-0000-0000-000000000000");
INSERT INTO ACT_BLK
	VALUES ("6a5df4e1-c01c-4dd6-acf9-2515b770e7ae",
	0,
	0,
	0,
	'',
	'',
	'',
	0,
	0,
	0,
	0,
	0,
	0,
	0,
	0,
	0,
	0,
	0,
	0,
	0,
	"9d038b97-6455-4fea-98f5-a1d06e7ea81c",
	"00000000-0000-0000-0000-000000000000");
INSERT INTO S_BRG
	VALUES ("d5fa471c-5b25-421c-8ba6-a2cae5e35e71",
	"c382e126-4b89-43b5-a4bf-833c4849d894",
	'LogInfo',
	'',
	0,
	"ba5eda7a-def5-0000-0000-000000000000",
	'',
	1,
	'',
	0);
INSERT INTO S_BPARM
	VALUES ("dd1cfad8-b3c2-4260-9ffe-067cb8e49341",
	"d5fa471c-5b25-421c-8ba6-a2cae5e35e71",
	'message',
	"ba5eda7a-def5-0000-0000-000000000004",
	0,
	'',
	"00000000-0000-0000-0000-000000000000",
	'');
INSERT INTO ACT_BRB
	VALUES ("e2b979bd-b116-4a04-9dbd-d8d4df932d91",
	"d5fa471c-5b25-421c-8ba6-a2cae5e35e71");
INSERT INTO ACT_ACT
	VALUES ("e2b979bd-b116-4a04-9dbd-d8d4df932d91",
	'bridge',
	0,
	"dda7e195-79a7-4f9c-88a0-82a5dd45e7d2",
	"00000000-0000-0000-0000-000000000000",
	0,
	'Logging::LogInfo',
	"00000000-0000-0000-0000-000000000000");
INSERT INTO ACT_BLK
	VALUES ("dda7e195-79a7-4f9c-88a0-82a5dd45e7d2",
	0,
	0,
	0,
	'',
	'',
	'',
	0,
	0,
	0,
	0,
	0,
	0,
	0,
	0,
	0,
	0,
	0,
	0,
	0,
	"e2b979bd-b116-4a04-9dbd-d8d4df932d91",
	"00000000-0000-0000-0000-000000000000");
INSERT INTO S_BRG
	VALUES ("ec88e21a-f9c3-4f67-810c-4bec7d0154c8",
	"c382e126-4b89-43b5-a4bf-833c4849d894",
	'LogDate',
	'',
	0,
	"ba5eda7a-def5-0000-0000-000000000000",
	'',
	1,
	'',
	0);
INSERT INTO S_BPARM
	VALUES ("c4144879-70c7-456d-bdf5-495e9e872c7a",
	"ec88e21a-f9c3-4f67-810c-4bec7d0154c8",
	'd',
	"ba5eda7a-def5-0000-0000-00000000000e",
	0,
	'',
	"00000000-0000-0000-0000-000000000000",
	'');
INSERT INTO S_BPARM
	VALUES ("c63cf79e-6ce4-4c1e-9960-5975f7c55272",
	"ec88e21a-f9c3-4f67-810c-4bec7d0154c8",
	'message',
	"ba5eda7a-def5-0000-0000-000000000004",
	0,
	'',
	"c4144879-70c7-456d-bdf5-495e9e872c7a",
	'');
INSERT INTO ACT_BRB
	VALUES ("6b8e7a29-9a71-44af-b51b-bb985b7ffe20",
	"ec88e21a-f9c3-4f67-810c-4bec7d0154c8");
INSERT INTO ACT_ACT
	VALUES ("6b8e7a29-9a71-44af-b51b-bb985b7ffe20",
	'bridge',
	0,
	"ed3323d9-8e0e-45e7-bbf2-9af11372bac6",
	"00000000-0000-0000-0000-000000000000",
	0,
	'Logging::LogDate',
	"00000000-0000-0000-0000-000000000000");
INSERT INTO ACT_BLK
	VALUES ("ed3323d9-8e0e-45e7-bbf2-9af11372bac6",
	0,
	0,
	0,
	'',
	'',
	'',
	0,
	0,
	0,
	0,
	0,
	0,
	0,
	0,
	0,
	0,
	0,
	0,
	0,
	"6b8e7a29-9a71-44af-b51b-bb985b7ffe20",
	"00000000-0000-0000-0000-000000000000");
INSERT INTO S_BRG
	VALUES ("75ab9a0d-fdbf-4177-a7a6-967215b6ee9c",
	"c382e126-4b89-43b5-a4bf-833c4849d894",
	'LogTime',
	'',
	0,
	"ba5eda7a-def5-0000-0000-000000000000",
	'',
	1,
	'',
	0);
INSERT INTO S_BPARM
	VALUES ("53d76d3d-1636-4f9e-aeaa-1eef6c1dbae8",
	"75ab9a0d-fdbf-4177-a7a6-967215b6ee9c",
	't',
	"ba5eda7a-def5-0000-0000-000000000010",
	0,
	'',
	"b27d74b2-1f88-48a7-a127-a0813f283942",
	'');
INSERT INTO S_BPARM
	VALUES ("b27d74b2-1f88-48a7-a127-a0813f283942",
	"75ab9a0d-fdbf-4177-a7a6-967215b6ee9c",
	'message',
	"ba5eda7a-def5-0000-0000-000000000004",
	0,
	'',
	"00000000-0000-0000-0000-000000000000",
	'');
INSERT INTO ACT_BRB
	VALUES ("b8982f01-58d7-4c20-85f9-ce84a5672446",
	"75ab9a0d-fdbf-4177-a7a6-967215b6ee9c");
INSERT INTO ACT_ACT
	VALUES ("b8982f01-58d7-4c20-85f9-ce84a5672446",
	'bridge',
	0,
	"ccae913b-236c-4083-bb2a-73c1c131a661",
	"00000000-0000-0000-0000-000000000000",
	0,
	'Logging::LogTime',
	"00000000-0000-0000-0000-000000000000");
INSERT INTO ACT_BLK
	VALUES ("ccae913b-236c-4083-bb2a-73c1c131a661",
	0,
	0,
	0,
	'',
	'',
	'',
	0,
	0,
	0,
	0,
	0,
	0,
	0,
	0,
	0,
	0,
	0,
	0,
	0,
	"b8982f01-58d7-4c20-85f9-ce84a5672446",
	"00000000-0000-0000-0000-000000000000");
INSERT INTO S_BRG
	VALUES ("d3210c39-9d4f-499d-81a7-b5652ef35227",
	"c382e126-4b89-43b5-a4bf-833c4849d894",
	'LogReal',
	'',
	0,
	"ba5eda7a-def5-0000-0000-000000000000",
	'',
	1,
	'',
	0);
INSERT INTO S_BPARM
	VALUES ("b5b56be6-d498-4dfb-a4d5-44cc1502484d",
	"d3210c39-9d4f-499d-81a7-b5652ef35227",
	'r',
	"ba5eda7a-def5-0000-0000-000000000003",
	0,
	'',
	"18737b45-36e3-4e1b-a063-97fb8ff40237",
	'');
INSERT INTO S_BPARM
	VALUES ("18737b45-36e3-4e1b-a063-97fb8ff40237",
	"d3210c39-9d4f-499d-81a7-b5652ef35227",
	'message',
	"ba5eda7a-def5-0000-0000-000000000004",
	0,
	'',
	"00000000-0000-0000-0000-000000000000",
	'');
INSERT INTO ACT_BRB
	VALUES ("dd123cb3-b733-4d28-8fed-f9c9e98d1ecc",
	"d3210c39-9d4f-499d-81a7-b5652ef35227");
INSERT INTO ACT_ACT
	VALUES ("dd123cb3-b733-4d28-8fed-f9c9e98d1ecc",
	'bridge',
	0,
	"f6807dfe-ccd7-476c-bad6-2883f0db416d",
	"00000000-0000-0000-0000-000000000000",
	0,
	'Logging::LogReal',
	"00000000-0000-0000-0000-000000000000");
INSERT INTO ACT_BLK
	VALUES ("f6807dfe-ccd7-476c-bad6-2883f0db416d",
	0,
	0,
	0,
	'',
	'',
	'',
	0,
	0,
	0,
	0,
	0,
	0,
	0,
	0,
	0,
	0,
	0,
	0,
	0,
	"dd123cb3-b733-4d28-8fed-f9c9e98d1ecc",
	"00000000-0000-0000-0000-000000000000");
INSERT INTO S_BRG
	VALUES ("0384b96a-a4ad-4133-bb77-afc9ddcc4aae",
	"c382e126-4b89-43b5-a4bf-833c4849d894",
	'LogInteger',
	'',
	0,
	"ba5eda7a-def5-0000-0000-000000000000",
	'',
	1,
	'',
	0);
INSERT INTO S_BPARM
	VALUES ("4c58cc6c-6694-4f12-8d02-16d65907487b",
	"0384b96a-a4ad-4133-bb77-afc9ddcc4aae",
	'message',
	"ba5eda7a-def5-0000-0000-000000000002",
	0,
	'',
	"00000000-0000-0000-0000-000000000000",
	'');
INSERT INTO ACT_BRB
	VALUES ("5fb5a26f-0851-46b7-9f96-eeefb867c172",
	"0384b96a-a4ad-4133-bb77-afc9ddcc4aae");
INSERT INTO ACT_ACT
	VALUES ("5fb5a26f-0851-46b7-9f96-eeefb867c172",
	'bridge',
	0,
	"bddab2a5-20cc-439e-a8c3-a931cd569143",
	"00000000-0000-0000-0000-000000000000",
	0,
	'Logging::LogInteger',
	"00000000-0000-0000-0000-000000000000");
INSERT INTO ACT_BLK
	VALUES ("bddab2a5-20cc-439e-a8c3-a931cd569143",
	0,
	0,
	0,
	'',
	'',
	'',
	0,
	0,
	0,
	0,
	0,
	0,
	0,
	0,
	0,
	0,
	0,
	0,
	0,
	"5fb5a26f-0851-46b7-9f96-eeefb867c172",
	"00000000-0000-0000-0000-000000000000");
INSERT INTO EP_PKG
	VALUES ("194ff8eb-d4bf-416e-88b1-d46e298fe0c4",
	"18e54930-08c5-4e33-be2b-a9ecc8e9cb4d",
	"18e54930-08c5-4e33-be2b-a9ecc8e9cb4d",
	'LineTracer',
	'',
	0);
INSERT INTO PE_PE
	VALUES ("e039c722-a6f2-4fac-9811-74774e6f167a",
	1,
	"194ff8eb-d4bf-416e-88b1-d46e298fe0c4",
	"00000000-0000-0000-0000-000000000000",
	2);
INSERT INTO C_C
	VALUES ("e039c722-a6f2-4fac-9811-74774e6f167a",
	"00000000-0000-0000-0000-000000000000",
	"00000000-0000-0000-0000-000000000000",
	'LineTracer',
	'',
	0,
	"00000000-0000-0000-0000-000000000000",
	0,
	'');
INSERT INTO PE_PE
	VALUES ("b2e89503-acc2-4e89-97d1-a8ee79b6bbe9",
	1,
	"00000000-0000-0000-0000-000000000000",
	"e039c722-a6f2-4fac-9811-74774e6f167a",
	7);
INSERT INTO EP_PKG
	VALUES ("b2e89503-acc2-4e89-97d1-a8ee79b6bbe9",
	"00000000-0000-0000-0000-000000000000",
	"18e54930-08c5-4e33-be2b-a9ecc8e9cb4d",
	'functions',
	'',
	0);
INSERT INTO PE_PE
	VALUES ("9ccf3e50-d71c-49da-af1a-ba27a3759118",
	1,
	"b2e89503-acc2-4e89-97d1-a8ee79b6bbe9",
	"00000000-0000-0000-0000-000000000000",
	1);
INSERT INTO S_SYNC
	VALUES ("9ccf3e50-d71c-49da-af1a-ba27a3759118",
	"00000000-0000-0000-0000-000000000000",
	'setup',
	'',
	'create object instance lt of LineTracer;
//generate LineTracer1:''init'' to lt;
// Just Dummy...
//create object instance button of Button;
//generate Button2:init() to button;
//create object instance irsensor of IRSensor;
',
	"ba5eda7a-def5-0000-0000-000000000000",
	1,
	'',
	0);
INSERT INTO ACT_FNB
	VALUES ("09b9b4e0-5994-4a36-be0b-3bdd044fbb42",
	"9ccf3e50-d71c-49da-af1a-ba27a3759118");
INSERT INTO ACT_ACT
	VALUES ("09b9b4e0-5994-4a36-be0b-3bdd044fbb42",
	'function',
	0,
	"b61e3711-0803-4721-9e89-269e54d57566",
	"00000000-0000-0000-0000-000000000000",
	0,
	'setup',
	"00000000-0000-0000-0000-000000000000");
INSERT INTO ACT_BLK
	VALUES ("b61e3711-0803-4721-9e89-269e54d57566",
	0,
	0,
	0,
	'',
	'',
	'',
	1,
	1,
	1,
	30,
	0,
	0,
	0,
	0,
	0,
	0,
	0,
	0,
	0,
	"09b9b4e0-5994-4a36-be0b-3bdd044fbb42",
	"00000000-0000-0000-0000-000000000000");
INSERT INTO ACT_SMT
	VALUES ("7b682d5e-8f18-4bad-b7af-24d567f7de67",
	"b61e3711-0803-4721-9e89-269e54d57566",
	"00000000-0000-0000-0000-000000000000",
	1,
	1,
	'setup line: 1');
INSERT INTO ACT_CR
	VALUES ("7b682d5e-8f18-4bad-b7af-24d567f7de67",
	"c9dd1020-341e-4ad0-8d80-09ae2cf5b808",
	1,
	"214f56bf-5fb1-4da3-9975-25af1fde3787",
	1,
	30);
INSERT INTO V_VAR
	VALUES ("c9dd1020-341e-4ad0-8d80-09ae2cf5b808",
	"b61e3711-0803-4721-9e89-269e54d57566",
	'lt',
	1,
	"ba5eda7a-def5-0000-0000-000000000008");
INSERT INTO V_INT
	VALUES ("c9dd1020-341e-4ad0-8d80-09ae2cf5b808",
	0,
	"214f56bf-5fb1-4da3-9975-25af1fde3787");
INSERT INTO PE_PE
	VALUES ("83a9af15-1d05-42ff-ae56-6f2d1be66689",
	1,
	"b2e89503-acc2-4e89-97d1-a8ee79b6bbe9",
	"00000000-0000-0000-0000-000000000000",
	1);
INSERT INTO S_SYNC
	VALUES ("83a9af15-1d05-42ff-ae56-6f2d1be66689",
	"00000000-0000-0000-0000-000000000000",
	'online',
	'',
	'select any lt from instances of LineTracer;
generate LineTracer2:''online'' to lt;
',
	"ba5eda7a-def5-0000-0000-000000000000",
	1,
	'',
	0);
INSERT INTO ACT_FNB
	VALUES ("c01bd67d-62f0-42ae-b2ac-184d5d4dd1b3",
	"83a9af15-1d05-42ff-ae56-6f2d1be66689");
INSERT INTO ACT_ACT
	VALUES ("c01bd67d-62f0-42ae-b2ac-184d5d4dd1b3",
	'function',
	0,
	"bdea6db6-dff1-4d9c-9f35-65a59f058170",
	"00000000-0000-0000-0000-000000000000",
	0,
	'online',
	"00000000-0000-0000-0000-000000000000");
INSERT INTO ACT_BLK
	VALUES ("bdea6db6-dff1-4d9c-9f35-65a59f058170",
	1,
	0,
	0,
	'V_VAR.Var_ID',
	'',
	'',
	2,
	1,
	1,
	33,
	0,
	0,
	0,
	0,
	0,
	0,
	0,
	0,
	0,
	"c01bd67d-62f0-42ae-b2ac-184d5d4dd1b3",
	"00000000-0000-0000-0000-000000000000");
INSERT INTO ACT_SMT
	VALUES ("fbaf6b40-98e8-4844-ab25-e840dbb2aaab",
	"bdea6db6-dff1-4d9c-9f35-65a59f058170",
	"1fde6aff-3f5a-4890-8946-0821bca7e884",
	1,
	1,
	'online line: 1');
INSERT INTO ACT_FIO
	VALUES ("fbaf6b40-98e8-4844-ab25-e840dbb2aaab",
	"046b65b8-3a45-4e2b-9c69-6438654c6dd6",
	1,
	'any',
	"214f56bf-5fb1-4da3-9975-25af1fde3787",
	1,
	33);
INSERT INTO ACT_SMT
	VALUES ("1fde6aff-3f5a-4890-8946-0821bca7e884",
	"bdea6db6-dff1-4d9c-9f35-65a59f058170",
	"00000000-0000-0000-0000-000000000000",
	2,
	1,
	'online line: 2');
INSERT INTO E_ESS
	VALUES ("1fde6aff-3f5a-4890-8946-0821bca7e884",
	1,
	0,
	2,
	10,
	2,
	22,
	1,
	33,
	0,
	0,
	0,
	0);
INSERT INTO E_GES
	VALUES ("1fde6aff-3f5a-4890-8946-0821bca7e884");
INSERT INTO E_GSME
	VALUES ("1fde6aff-3f5a-4890-8946-0821bca7e884",
	"9ab97142-a93f-4e1b-91a1-e5044db8fa57");
INSERT INTO E_GEN
	VALUES ("1fde6aff-3f5a-4890-8946-0821bca7e884",
	"046b65b8-3a45-4e2b-9c69-6438654c6dd6");
INSERT INTO V_VAR
	VALUES ("046b65b8-3a45-4e2b-9c69-6438654c6dd6",
	"bdea6db6-dff1-4d9c-9f35-65a59f058170",
	'lt',
	1,
	"ba5eda7a-def5-0000-0000-000000000008");
INSERT INTO V_INT
	VALUES ("046b65b8-3a45-4e2b-9c69-6438654c6dd6",
	0,
	"214f56bf-5fb1-4da3-9975-25af1fde3787");
INSERT INTO PE_PE
	VALUES ("23b25b29-b937-4ad3-80fb-f31f3207834a",
	1,
	"b2e89503-acc2-4e89-97d1-a8ee79b6bbe9",
	"00000000-0000-0000-0000-000000000000",
	1);
INSERT INTO S_SYNC
	VALUES ("23b25b29-b937-4ad3-80fb-f31f3207834a",
	"00000000-0000-0000-0000-000000000000",
	'offline',
	'',
	'select any lt from instances of LineTracer;
generate LineTracer3:''offline'' to lt;
',
	"ba5eda7a-def5-0000-0000-000000000000",
	1,
	'',
	0);
INSERT INTO ACT_FNB
	VALUES ("0e590bff-6e2d-44e4-a05e-d4dcea905712",
	"23b25b29-b937-4ad3-80fb-f31f3207834a");
INSERT INTO ACT_ACT
	VALUES ("0e590bff-6e2d-44e4-a05e-d4dcea905712",
	'function',
	0,
	"aecb8df8-49df-46a0-a725-c0163fea5192",
	"00000000-0000-0000-0000-000000000000",
	0,
	'offline',
	"00000000-0000-0000-0000-000000000000");
INSERT INTO ACT_BLK
	VALUES ("aecb8df8-49df-46a0-a725-c0163fea5192",
	1,
	0,
	0,
	'V_VAR.Var_ID',
	'',
	'',
	2,
	1,
	1,
	33,
	0,
	0,
	0,
	0,
	0,
	0,
	0,
	0,
	0,
	"0e590bff-6e2d-44e4-a05e-d4dcea905712",
	"00000000-0000-0000-0000-000000000000");
INSERT INTO ACT_SMT
	VALUES ("2346eda1-422c-44ae-893c-39e90fd086a4",
	"aecb8df8-49df-46a0-a725-c0163fea5192",
	"fd866d83-2b02-45de-8c5b-c45809ae96c3",
	1,
	1,
	'offline line: 1');
INSERT INTO ACT_FIO
	VALUES ("2346eda1-422c-44ae-893c-39e90fd086a4",
	"c66153ac-05b4-4094-81e9-6a972373d696",
	1,
	'any',
	"214f56bf-5fb1-4da3-9975-25af1fde3787",
	1,
	33);
INSERT INTO ACT_SMT
	VALUES ("fd866d83-2b02-45de-8c5b-c45809ae96c3",
	"aecb8df8-49df-46a0-a725-c0163fea5192",
	"00000000-0000-0000-0000-000000000000",
	2,
	1,
	'offline line: 2');
INSERT INTO E_ESS
	VALUES ("fd866d83-2b02-45de-8c5b-c45809ae96c3",
	1,
	0,
	2,
	10,
	2,
	22,
	1,
	33,
	0,
	0,
	0,
	0);
INSERT INTO E_GES
	VALUES ("fd866d83-2b02-45de-8c5b-c45809ae96c3");
INSERT INTO E_GSME
	VALUES ("fd866d83-2b02-45de-8c5b-c45809ae96c3",
	"110d4c31-bff5-4464-8f7d-4bdaa9e9c506");
INSERT INTO E_GEN
	VALUES ("fd866d83-2b02-45de-8c5b-c45809ae96c3",
	"c66153ac-05b4-4094-81e9-6a972373d696");
INSERT INTO V_VAR
	VALUES ("c66153ac-05b4-4094-81e9-6a972373d696",
	"aecb8df8-49df-46a0-a725-c0163fea5192",
	'lt',
	1,
	"ba5eda7a-def5-0000-0000-000000000008");
INSERT INTO V_INT
	VALUES ("c66153ac-05b4-4094-81e9-6a972373d696",
	0,
	"214f56bf-5fb1-4da3-9975-25af1fde3787");
INSERT INTO PE_PE
	VALUES ("e4c9870b-d51e-4f22-87b5-6ac5ba03033b",
	1,
	"b2e89503-acc2-4e89-97d1-a8ee79b6bbe9",
	"00000000-0000-0000-0000-000000000000",
	1);
INSERT INTO S_SYNC
	VALUES ("e4c9870b-d51e-4f22-87b5-6ac5ba03033b",
	"00000000-0000-0000-0000-000000000000",
	'bumper',
	'',
	'select any lt from instances of LineTracer;
generate LineTracer4:''bumper'' to lt;
',
	"ba5eda7a-def5-0000-0000-000000000000",
	1,
	'',
	0);
INSERT INTO ACT_FNB
	VALUES ("cfa932d9-ece7-4b24-b94f-1ef0c20c5221",
	"e4c9870b-d51e-4f22-87b5-6ac5ba03033b");
INSERT INTO ACT_ACT
	VALUES ("cfa932d9-ece7-4b24-b94f-1ef0c20c5221",
	'function',
	0,
	"a2cf5732-a8e8-4390-9833-99ef31f85b2f",
	"00000000-0000-0000-0000-000000000000",
	0,
	'bumper',
	"00000000-0000-0000-0000-000000000000");
INSERT INTO ACT_BLK
	VALUES ("a2cf5732-a8e8-4390-9833-99ef31f85b2f",
	1,
	0,
	0,
	'V_VAR.Var_ID',
	'',
	'',
	2,
	1,
	1,
	33,
	0,
	0,
	0,
	0,
	0,
	0,
	0,
	0,
	0,
	"cfa932d9-ece7-4b24-b94f-1ef0c20c5221",
	"00000000-0000-0000-0000-000000000000");
INSERT INTO ACT_SMT
	VALUES ("f314226c-fc29-4cf0-92a9-735bae3b2e2a",
	"a2cf5732-a8e8-4390-9833-99ef31f85b2f",
	"4797d45d-f304-4f86-9dae-5264bb91c5bb",
	1,
	1,
	'bumper line: 1');
INSERT INTO ACT_FIO
	VALUES ("f314226c-fc29-4cf0-92a9-735bae3b2e2a",
	"f03a192c-978b-4f1a-8d50-1dfb9a9d694f",
	1,
	'any',
	"214f56bf-5fb1-4da3-9975-25af1fde3787",
	1,
	33);
INSERT INTO ACT_SMT
	VALUES ("4797d45d-f304-4f86-9dae-5264bb91c5bb",
	"a2cf5732-a8e8-4390-9833-99ef31f85b2f",
	"00000000-0000-0000-0000-000000000000",
	2,
	1,
	'bumper line: 2');
INSERT INTO E_ESS
	VALUES ("4797d45d-f304-4f86-9dae-5264bb91c5bb",
	1,
	0,
	2,
	10,
	2,
	22,
	1,
	33,
	0,
	0,
	0,
	0);
INSERT INTO E_GES
	VALUES ("4797d45d-f304-4f86-9dae-5264bb91c5bb");
INSERT INTO E_GSME
	VALUES ("4797d45d-f304-4f86-9dae-5264bb91c5bb",
	"4dd720f8-ea9f-46a1-b49e-3e71c34ee328");
INSERT INTO E_GEN
	VALUES ("4797d45d-f304-4f86-9dae-5264bb91c5bb",
	"f03a192c-978b-4f1a-8d50-1dfb9a9d694f");
INSERT INTO V_VAR
	VALUES ("f03a192c-978b-4f1a-8d50-1dfb9a9d694f",
	"a2cf5732-a8e8-4390-9833-99ef31f85b2f",
	'lt',
	1,
	"ba5eda7a-def5-0000-0000-000000000008");
INSERT INTO V_INT
	VALUES ("f03a192c-978b-4f1a-8d50-1dfb9a9d694f",
	0,
	"214f56bf-5fb1-4da3-9975-25af1fde3787");
INSERT INTO PE_PE
	VALUES ("17c5a4ea-2a93-4537-a180-72c6064c070e",
	1,
	"b2e89503-acc2-4e89-97d1-a8ee79b6bbe9",
	"00000000-0000-0000-0000-000000000000",
	1);
INSERT INTO S_SYNC
	VALUES ("17c5a4ea-2a93-4537-a180-72c6064c070e",
	"00000000-0000-0000-0000-000000000000",
	'pushed',
	'',
	'select any lt from instances of LineTracer;
generate LineTracer5:''pushed'' to lt;
',
	"ba5eda7a-def5-0000-0000-000000000000",
	1,
	'',
	0);
INSERT INTO ACT_FNB
	VALUES ("ed7d8c74-8c7d-4ff5-9f82-9bbebea1afc6",
	"17c5a4ea-2a93-4537-a180-72c6064c070e");
INSERT INTO ACT_ACT
	VALUES ("ed7d8c74-8c7d-4ff5-9f82-9bbebea1afc6",
	'function',
	0,
	"a3190544-4fe8-4df3-9eb9-243eaf3ce386",
	"00000000-0000-0000-0000-000000000000",
	0,
	'pushed',
	"00000000-0000-0000-0000-000000000000");
INSERT INTO ACT_BLK
	VALUES ("a3190544-4fe8-4df3-9eb9-243eaf3ce386",
	1,
	0,
	0,
	'V_VAR.Var_ID',
	'',
	'',
	2,
	1,
	1,
	33,
	0,
	0,
	0,
	0,
	0,
	0,
	0,
	0,
	0,
	"ed7d8c74-8c7d-4ff5-9f82-9bbebea1afc6",
	"00000000-0000-0000-0000-000000000000");
INSERT INTO ACT_SMT
	VALUES ("0445bb4b-aee6-474c-93d0-12f590bd5410",
	"a3190544-4fe8-4df3-9eb9-243eaf3ce386",
	"f2896edd-f71e-4d65-8281-5d034030e508",
	1,
	1,
	'pushed line: 1');
INSERT INTO ACT_FIO
	VALUES ("0445bb4b-aee6-474c-93d0-12f590bd5410",
	"c1e5aebb-0485-4597-97ac-21c9fdf5f029",
	1,
	'any',
	"214f56bf-5fb1-4da3-9975-25af1fde3787",
	1,
	33);
INSERT INTO ACT_SMT
	VALUES ("f2896edd-f71e-4d65-8281-5d034030e508",
	"a3190544-4fe8-4df3-9eb9-243eaf3ce386",
	"00000000-0000-0000-0000-000000000000",
	2,
	1,
	'pushed line: 2');
INSERT INTO E_ESS
	VALUES ("f2896edd-f71e-4d65-8281-5d034030e508",
	1,
	0,
	2,
	10,
	2,
	22,
	1,
	33,
	0,
	0,
	0,
	0);
INSERT INTO E_GES
	VALUES ("f2896edd-f71e-4d65-8281-5d034030e508");
INSERT INTO E_GSME
	VALUES ("f2896edd-f71e-4d65-8281-5d034030e508",
	"75c705b8-67b7-4f54-ba63-70cbb52a393c");
INSERT INTO E_GEN
	VALUES ("f2896edd-f71e-4d65-8281-5d034030e508",
	"c1e5aebb-0485-4597-97ac-21c9fdf5f029");
INSERT INTO V_VAR
	VALUES ("c1e5aebb-0485-4597-97ac-21c9fdf5f029",
	"a3190544-4fe8-4df3-9eb9-243eaf3ce386",
	'lt',
	1,
	"ba5eda7a-def5-0000-0000-000000000008");
INSERT INTO V_INT
	VALUES ("c1e5aebb-0485-4597-97ac-21c9fdf5f029",
	0,
	"214f56bf-5fb1-4da3-9975-25af1fde3787");
INSERT INTO PE_PE
	VALUES ("df9ee8c0-891f-4c3c-bebf-11545864dc1a",
	1,
	"b2e89503-acc2-4e89-97d1-a8ee79b6bbe9",
	"00000000-0000-0000-0000-000000000000",
	1);
INSERT INTO S_SYNC
	VALUES ("df9ee8c0-891f-4c3c-bebf-11545864dc1a",
	"00000000-0000-0000-0000-000000000000",
	'sw0',
	'',
	'select any lt from instances of LineTracer;
generate LineTracer6:''cargo'' to lt;
',
	"ba5eda7a-def5-0000-0000-000000000000",
	1,
	'',
	0);
INSERT INTO ACT_FNB
	VALUES ("80ffd690-03c2-4852-9f88-21b6bb59d9e1",
	"df9ee8c0-891f-4c3c-bebf-11545864dc1a");
INSERT INTO ACT_ACT
	VALUES ("80ffd690-03c2-4852-9f88-21b6bb59d9e1",
	'function',
	0,
	"9d2ed7ab-7170-486a-9334-43814b092892",
	"00000000-0000-0000-0000-000000000000",
	0,
	'sw0',
	"00000000-0000-0000-0000-000000000000");
INSERT INTO ACT_BLK
	VALUES ("9d2ed7ab-7170-486a-9334-43814b092892",
	1,
	0,
	0,
	'V_VAR.Var_ID',
	'',
	'',
	2,
	1,
	1,
	33,
	0,
	0,
	0,
	0,
	0,
	0,
	0,
	0,
	0,
	"80ffd690-03c2-4852-9f88-21b6bb59d9e1",
	"00000000-0000-0000-0000-000000000000");
INSERT INTO ACT_SMT
	VALUES ("f44936e6-67cd-4be5-9641-072ef538a65d",
	"9d2ed7ab-7170-486a-9334-43814b092892",
	"8bdf8262-acd3-46e9-8c3d-ec5195a25cd2",
	1,
	1,
	'sw0 line: 1');
INSERT INTO ACT_FIO
	VALUES ("f44936e6-67cd-4be5-9641-072ef538a65d",
	"018f5e6f-c54a-4b92-b393-cd43bd54942c",
	1,
	'any',
	"214f56bf-5fb1-4da3-9975-25af1fde3787",
	1,
	33);
INSERT INTO ACT_SMT
	VALUES ("8bdf8262-acd3-46e9-8c3d-ec5195a25cd2",
	"9d2ed7ab-7170-486a-9334-43814b092892",
	"00000000-0000-0000-0000-000000000000",
	2,
	1,
	'sw0 line: 2');
INSERT INTO E_ESS
	VALUES ("8bdf8262-acd3-46e9-8c3d-ec5195a25cd2",
	1,
	0,
	2,
	10,
	2,
	22,
	1,
	33,
	0,
	0,
	0,
	0);
INSERT INTO E_GES
	VALUES ("8bdf8262-acd3-46e9-8c3d-ec5195a25cd2");
INSERT INTO E_GSME
	VALUES ("8bdf8262-acd3-46e9-8c3d-ec5195a25cd2",
	"2db38f50-f022-4a1d-b1ce-76683b273e03");
INSERT INTO E_GEN
	VALUES ("8bdf8262-acd3-46e9-8c3d-ec5195a25cd2",
	"018f5e6f-c54a-4b92-b393-cd43bd54942c");
INSERT INTO V_VAR
	VALUES ("018f5e6f-c54a-4b92-b393-cd43bd54942c",
	"9d2ed7ab-7170-486a-9334-43814b092892",
	'lt',
	1,
	"ba5eda7a-def5-0000-0000-000000000008");
INSERT INTO V_INT
	VALUES ("018f5e6f-c54a-4b92-b393-cd43bd54942c",
	0,
	"214f56bf-5fb1-4da3-9975-25af1fde3787");
INSERT INTO PE_PE
	VALUES ("f2cb82c3-b4f8-4c4b-9679-e9164fb996b6",
	1,
	"00000000-0000-0000-0000-000000000000",
	"e039c722-a6f2-4fac-9811-74774e6f167a",
	7);
INSERT INTO EP_PKG
	VALUES ("f2cb82c3-b4f8-4c4b-9679-e9164fb996b6",
	"00000000-0000-0000-0000-000000000000",
	"18e54930-08c5-4e33-be2b-a9ecc8e9cb4d",
	'models',
	'',
	0);
INSERT INTO PE_PE
	VALUES ("214f56bf-5fb1-4da3-9975-25af1fde3787",
	1,
	"f2cb82c3-b4f8-4c4b-9679-e9164fb996b6",
	"00000000-0000-0000-0000-000000000000",
	4);
INSERT INTO O_OBJ
	VALUES ("214f56bf-5fb1-4da3-9975-25af1fde3787",
	'LineTracer',
	1,
	'LineTracer',
	'',
	"00000000-0000-0000-0000-000000000000");
INSERT INTO O_TFR
	VALUES ("6f8302d4-db51-4bed-9f69-2634d84cbcd8",
	"214f56bf-5fb1-4da3-9975-25af1fde3787",
	'turn_right',
	'',
	"ba5eda7a-def5-0000-0000-000000000000",
	1,
	'Zumo::driveTank(left: 100, right: 0);
',
	1,
	'',
	"00000000-0000-0000-0000-000000000000",
	0);
INSERT INTO ACT_OPB
	VALUES ("7dcdf673-0562-4f44-a0cc-2efed7fe3e66",
	"6f8302d4-db51-4bed-9f69-2634d84cbcd8");
INSERT INTO ACT_ACT
	VALUES ("7dcdf673-0562-4f44-a0cc-2efed7fe3e66",
	'operation',
	0,
	"f44ec687-3244-4181-92d2-99083ca1cecd",
	"00000000-0000-0000-0000-000000000000",
	0,
	'LineTracer::turn_right',
	"00000000-0000-0000-0000-000000000000");
INSERT INTO ACT_BLK
	VALUES ("f44ec687-3244-4181-92d2-99083ca1cecd",
	0,
	0,
	0,
	'Zumo',
	'',
	'',
	1,
	1,
	1,
	1,
	0,
	0,
	0,
	0,
	0,
	0,
	0,
	0,
	0,
	"7dcdf673-0562-4f44-a0cc-2efed7fe3e66",
	"00000000-0000-0000-0000-000000000000");
INSERT INTO ACT_SMT
	VALUES ("fe8b384d-97d1-4bcb-8462-04542ab56a82",
	"f44ec687-3244-4181-92d2-99083ca1cecd",
	"00000000-0000-0000-0000-000000000000",
	1,
	1,
	'LineTracer::turn_right line: 1');
INSERT INTO ACT_BRG
	VALUES ("fe8b384d-97d1-4bcb-8462-04542ab56a82",
	"3d1f62ca-27ce-4cb1-8323-06b61bb7c15d",
	1,
	7,
	1,
	1);
INSERT INTO V_VAL
	VALUES ("7980bafc-2335-4980-9c89-b209551deade",
	0,
	0,
	1,
	23,
	25,
	0,
	0,
	0,
	0,
	"ba5eda7a-def5-0000-0000-000000000002",
	"f44ec687-3244-4181-92d2-99083ca1cecd");
INSERT INTO V_LIN
	VALUES ("7980bafc-2335-4980-9c89-b209551deade",
	'100');
INSERT INTO V_PAR
	VALUES ("7980bafc-2335-4980-9c89-b209551deade",
	"fe8b384d-97d1-4bcb-8462-04542ab56a82",
	"00000000-0000-0000-0000-000000000000",
	'left',
	"de327c6e-f0cf-4d15-af26-dd75f24e15b5",
	1,
	17);
INSERT INTO V_VAL
	VALUES ("de327c6e-f0cf-4d15-af26-dd75f24e15b5",
	0,
	0,
	1,
	35,
	35,
	0,
	0,
	0,
	0,
	"ba5eda7a-def5-0000-0000-000000000002",
	"f44ec687-3244-4181-92d2-99083ca1cecd");
INSERT INTO V_LIN
	VALUES ("de327c6e-f0cf-4d15-af26-dd75f24e15b5",
	'0');
INSERT INTO V_PAR
	VALUES ("de327c6e-f0cf-4d15-af26-dd75f24e15b5",
	"fe8b384d-97d1-4bcb-8462-04542ab56a82",
	"00000000-0000-0000-0000-000000000000",
	'right',
	"00000000-0000-0000-0000-000000000000",
	1,
	28);
INSERT INTO O_TFR
	VALUES ("bc9fcf88-d11e-460a-9370-96b041b11d60",
	"214f56bf-5fb1-4da3-9975-25af1fde3787",
	'turn_left',
	'',
	"ba5eda7a-def5-0000-0000-000000000000",
	1,
	'Zumo::driveTank(left: 0, right: 100);
',
	1,
	'',
	"6f8302d4-db51-4bed-9f69-2634d84cbcd8",
	0);
INSERT INTO ACT_OPB
	VALUES ("c84795b8-b2b1-4533-82b0-7554ca49875b",
	"bc9fcf88-d11e-460a-9370-96b041b11d60");
INSERT INTO ACT_ACT
	VALUES ("c84795b8-b2b1-4533-82b0-7554ca49875b",
	'operation',
	0,
	"f70adf61-d7cc-40b5-ba3e-546464d2ec1e",
	"00000000-0000-0000-0000-000000000000",
	0,
	'LineTracer::turn_left',
	"00000000-0000-0000-0000-000000000000");
INSERT INTO ACT_BLK
	VALUES ("f70adf61-d7cc-40b5-ba3e-546464d2ec1e",
	0,
	0,
	0,
	'Zumo',
	'',
	'',
	1,
	1,
	1,
	1,
	0,
	0,
	0,
	0,
	0,
	0,
	0,
	0,
	0,
	"c84795b8-b2b1-4533-82b0-7554ca49875b",
	"00000000-0000-0000-0000-000000000000");
INSERT INTO ACT_SMT
	VALUES ("9952dc8d-a6e1-4a6c-ad74-cd73a73293e9",
	"f70adf61-d7cc-40b5-ba3e-546464d2ec1e",
	"00000000-0000-0000-0000-000000000000",
	1,
	1,
	'LineTracer::turn_left line: 1');
INSERT INTO ACT_BRG
	VALUES ("9952dc8d-a6e1-4a6c-ad74-cd73a73293e9",
	"3d1f62ca-27ce-4cb1-8323-06b61bb7c15d",
	1,
	7,
	1,
	1);
INSERT INTO V_VAL
	VALUES ("dd54e6ad-4f3c-479d-9479-bc5556a8b726",
	0,
	0,
	1,
	23,
	23,
	0,
	0,
	0,
	0,
	"ba5eda7a-def5-0000-0000-000000000002",
	"f70adf61-d7cc-40b5-ba3e-546464d2ec1e");
INSERT INTO V_LIN
	VALUES ("dd54e6ad-4f3c-479d-9479-bc5556a8b726",
	'0');
INSERT INTO V_PAR
	VALUES ("dd54e6ad-4f3c-479d-9479-bc5556a8b726",
	"9952dc8d-a6e1-4a6c-ad74-cd73a73293e9",
	"00000000-0000-0000-0000-000000000000",
	'left',
	"bd04e181-cb7b-4138-befd-757841ac3ccf",
	1,
	17);
INSERT INTO V_VAL
	VALUES ("bd04e181-cb7b-4138-befd-757841ac3ccf",
	0,
	0,
	1,
	33,
	35,
	0,
	0,
	0,
	0,
	"ba5eda7a-def5-0000-0000-000000000002",
	"f70adf61-d7cc-40b5-ba3e-546464d2ec1e");
INSERT INTO V_LIN
	VALUES ("bd04e181-cb7b-4138-befd-757841ac3ccf",
	'100');
INSERT INTO V_PAR
	VALUES ("bd04e181-cb7b-4138-befd-757841ac3ccf",
	"9952dc8d-a6e1-4a6c-ad74-cd73a73293e9",
	"00000000-0000-0000-0000-000000000000",
	'right',
	"00000000-0000-0000-0000-000000000000",
	1,
	26);
INSERT INTO O_TFR
	VALUES ("3bc2154b-13e9-4695-906b-4d340925dde9",
	"214f56bf-5fb1-4da3-9975-25af1fde3787",
	'stop',
	'',
	"ba5eda7a-def5-0000-0000-000000000000",
	1,
	'Zumo::driveTank(left: 0, right: 0);
',
	1,
	'',
	"bc9fcf88-d11e-460a-9370-96b041b11d60",
	0);
INSERT INTO ACT_OPB
	VALUES ("f65a3840-3694-4b8f-a35c-825ccfea6391",
	"3bc2154b-13e9-4695-906b-4d340925dde9");
INSERT INTO ACT_ACT
	VALUES ("f65a3840-3694-4b8f-a35c-825ccfea6391",
	'operation',
	0,
	"08f0f58b-02b4-4626-ac08-3b23e73e062d",
	"00000000-0000-0000-0000-000000000000",
	0,
	'LineTracer::stop',
	"00000000-0000-0000-0000-000000000000");
INSERT INTO ACT_BLK
	VALUES ("08f0f58b-02b4-4626-ac08-3b23e73e062d",
	0,
	0,
	0,
	'Zumo',
	'',
	'',
	1,
	1,
	1,
	1,
	0,
	0,
	0,
	0,
	0,
	0,
	0,
	0,
	0,
	"f65a3840-3694-4b8f-a35c-825ccfea6391",
	"00000000-0000-0000-0000-000000000000");
INSERT INTO ACT_SMT
	VALUES ("233cd603-e198-4d60-a456-24fc8bb4fc50",
	"08f0f58b-02b4-4626-ac08-3b23e73e062d",
	"00000000-0000-0000-0000-000000000000",
	1,
	1,
	'LineTracer::stop line: 1');
INSERT INTO ACT_BRG
	VALUES ("233cd603-e198-4d60-a456-24fc8bb4fc50",
	"3d1f62ca-27ce-4cb1-8323-06b61bb7c15d",
	1,
	7,
	1,
	1);
INSERT INTO V_VAL
	VALUES ("5a882f13-76f8-450a-a572-9b24e4a4d919",
	0,
	0,
	1,
	23,
	23,
	0,
	0,
	0,
	0,
	"ba5eda7a-def5-0000-0000-000000000002",
	"08f0f58b-02b4-4626-ac08-3b23e73e062d");
INSERT INTO V_LIN
	VALUES ("5a882f13-76f8-450a-a572-9b24e4a4d919",
	'0');
INSERT INTO V_PAR
	VALUES ("5a882f13-76f8-450a-a572-9b24e4a4d919",
	"233cd603-e198-4d60-a456-24fc8bb4fc50",
	"00000000-0000-0000-0000-000000000000",
	'left',
	"98afc18b-7ad9-47cd-884c-1bef16a0b224",
	1,
	17);
INSERT INTO V_VAL
	VALUES ("98afc18b-7ad9-47cd-884c-1bef16a0b224",
	0,
	0,
	1,
	33,
	33,
	0,
	0,
	0,
	0,
	"ba5eda7a-def5-0000-0000-000000000002",
	"08f0f58b-02b4-4626-ac08-3b23e73e062d");
INSERT INTO V_LIN
	VALUES ("98afc18b-7ad9-47cd-884c-1bef16a0b224",
	'0');
INSERT INTO V_PAR
	VALUES ("98afc18b-7ad9-47cd-884c-1bef16a0b224",
	"233cd603-e198-4d60-a456-24fc8bb4fc50",
	"00000000-0000-0000-0000-000000000000",
	'right',
	"00000000-0000-0000-0000-000000000000",
	1,
	26);
INSERT INTO O_NBATTR
	VALUES ("56fe2cb8-4f68-4cdf-8cce-27faba4e5d14",
	"214f56bf-5fb1-4da3-9975-25af1fde3787");
INSERT INTO O_BATTR
	VALUES ("56fe2cb8-4f68-4cdf-8cce-27faba4e5d14",
	"214f56bf-5fb1-4da3-9975-25af1fde3787");
INSERT INTO O_ATTR
	VALUES ("56fe2cb8-4f68-4cdf-8cce-27faba4e5d14",
	"214f56bf-5fb1-4da3-9975-25af1fde3787",
	"00000000-0000-0000-0000-000000000000",
	'current_state',
	'',
	'',
	'current_state',
	0,
	"ba5eda7a-def5-0000-0000-000000000006",
	'',
	'');
INSERT INTO O_ID
	VALUES (0,
	"214f56bf-5fb1-4da3-9975-25af1fde3787");
INSERT INTO O_ID
	VALUES (1,
	"214f56bf-5fb1-4da3-9975-25af1fde3787");
INSERT INTO O_ID
	VALUES (2,
	"214f56bf-5fb1-4da3-9975-25af1fde3787");
INSERT INTO SM_ISM
	VALUES ("e1ae1b1c-700b-4e98-88a0-ea426b7a5bc0",
	"214f56bf-5fb1-4da3-9975-25af1fde3787");
INSERT INTO SM_SM
	VALUES ("e1ae1b1c-700b-4e98-88a0-ea426b7a5bc0",
	'',
	0);
INSERT INTO SM_MOORE
	VALUES ("e1ae1b1c-700b-4e98-88a0-ea426b7a5bc0");
INSERT INTO SM_LEVT
	VALUES ("7a29b4e9-4644-47b0-998f-c8ba011fce8e",
	"e1ae1b1c-700b-4e98-88a0-ea426b7a5bc0",
	"00000000-0000-0000-0000-000000000000");
INSERT INTO SM_SEVT
	VALUES ("7a29b4e9-4644-47b0-998f-c8ba011fce8e",
	"e1ae1b1c-700b-4e98-88a0-ea426b7a5bc0",
	"00000000-0000-0000-0000-000000000000");
INSERT INTO SM_EVT
	VALUES ("7a29b4e9-4644-47b0-998f-c8ba011fce8e",
	"e1ae1b1c-700b-4e98-88a0-ea426b7a5bc0",
	"00000000-0000-0000-0000-000000000000",
	1,
	'init',
	0,
	'',
	'LineTracer1',
	'');
INSERT INTO SM_LEVT
	VALUES ("9ab97142-a93f-4e1b-91a1-e5044db8fa57",
	"e1ae1b1c-700b-4e98-88a0-ea426b7a5bc0",
	"00000000-0000-0000-0000-000000000000");
INSERT INTO SM_SEVT
	VALUES ("9ab97142-a93f-4e1b-91a1-e5044db8fa57",
	"e1ae1b1c-700b-4e98-88a0-ea426b7a5bc0",
	"00000000-0000-0000-0000-000000000000");
INSERT INTO SM_EVT
	VALUES ("9ab97142-a93f-4e1b-91a1-e5044db8fa57",
	"e1ae1b1c-700b-4e98-88a0-ea426b7a5bc0",
	"00000000-0000-0000-0000-000000000000",
	2,
	'online',
	0,
	'',
	'LineTracer2',
	'');
INSERT INTO SM_LEVT
	VALUES ("110d4c31-bff5-4464-8f7d-4bdaa9e9c506",
	"e1ae1b1c-700b-4e98-88a0-ea426b7a5bc0",
	"00000000-0000-0000-0000-000000000000");
INSERT INTO SM_SEVT
	VALUES ("110d4c31-bff5-4464-8f7d-4bdaa9e9c506",
	"e1ae1b1c-700b-4e98-88a0-ea426b7a5bc0",
	"00000000-0000-0000-0000-000000000000");
INSERT INTO SM_EVT
	VALUES ("110d4c31-bff5-4464-8f7d-4bdaa9e9c506",
	"e1ae1b1c-700b-4e98-88a0-ea426b7a5bc0",
	"00000000-0000-0000-0000-000000000000",
	3,
	'offline',
	0,
	'',
	'LineTracer3',
	'');
INSERT INTO SM_LEVT
	VALUES ("4dd720f8-ea9f-46a1-b49e-3e71c34ee328",
	"e1ae1b1c-700b-4e98-88a0-ea426b7a5bc0",
	"00000000-0000-0000-0000-000000000000");
INSERT INTO SM_SEVT
	VALUES ("4dd720f8-ea9f-46a1-b49e-3e71c34ee328",
	"e1ae1b1c-700b-4e98-88a0-ea426b7a5bc0",
	"00000000-0000-0000-0000-000000000000");
INSERT INTO SM_EVT
	VALUES ("4dd720f8-ea9f-46a1-b49e-3e71c34ee328",
	"e1ae1b1c-700b-4e98-88a0-ea426b7a5bc0",
	"00000000-0000-0000-0000-000000000000",
	4,
	'bumper',
	0,
	'',
	'LineTracer4',
	'');
INSERT INTO SM_LEVT
	VALUES ("75c705b8-67b7-4f54-ba63-70cbb52a393c",
	"e1ae1b1c-700b-4e98-88a0-ea426b7a5bc0",
	"00000000-0000-0000-0000-000000000000");
INSERT INTO SM_SEVT
	VALUES ("75c705b8-67b7-4f54-ba63-70cbb52a393c",
	"e1ae1b1c-700b-4e98-88a0-ea426b7a5bc0",
	"00000000-0000-0000-0000-000000000000");
INSERT INTO SM_EVT
	VALUES ("75c705b8-67b7-4f54-ba63-70cbb52a393c",
	"e1ae1b1c-700b-4e98-88a0-ea426b7a5bc0",
	"00000000-0000-0000-0000-000000000000",
	5,
	'pushed',
	0,
	'',
	'LineTracer5',
	'');
INSERT INTO SM_LEVT
	VALUES ("2db38f50-f022-4a1d-b1ce-76683b273e03",
	"e1ae1b1c-700b-4e98-88a0-ea426b7a5bc0",
	"00000000-0000-0000-0000-000000000000");
INSERT INTO SM_SEVT
	VALUES ("2db38f50-f022-4a1d-b1ce-76683b273e03",
	"e1ae1b1c-700b-4e98-88a0-ea426b7a5bc0",
	"00000000-0000-0000-0000-000000000000");
INSERT INTO SM_EVT
	VALUES ("2db38f50-f022-4a1d-b1ce-76683b273e03",
	"e1ae1b1c-700b-4e98-88a0-ea426b7a5bc0",
	"00000000-0000-0000-0000-000000000000",
	6,
	'cargo',
	0,
	'',
	'LineTracer6',
	'');
INSERT INTO SM_STATE
	VALUES ("524ec03a-240a-4a9c-95f0-e524dfd33c16",
	"e1ae1b1c-700b-4e98-88a0-ea426b7a5bc0",
	"00000000-0000-0000-0000-000000000000",
	'init',
	1,
	0);
INSERT INTO SM_CH
	VALUES ("524ec03a-240a-4a9c-95f0-e524dfd33c16",
	"7a29b4e9-4644-47b0-998f-c8ba011fce8e",
	"e1ae1b1c-700b-4e98-88a0-ea426b7a5bc0",
	"00000000-0000-0000-0000-000000000000",
	'');
INSERT INTO SM_SEME
	VALUES ("524ec03a-240a-4a9c-95f0-e524dfd33c16",
	"7a29b4e9-4644-47b0-998f-c8ba011fce8e",
	"e1ae1b1c-700b-4e98-88a0-ea426b7a5bc0",
	"00000000-0000-0000-0000-000000000000");
INSERT INTO SM_CH
	VALUES ("524ec03a-240a-4a9c-95f0-e524dfd33c16",
	"9ab97142-a93f-4e1b-91a1-e5044db8fa57",
	"e1ae1b1c-700b-4e98-88a0-ea426b7a5bc0",
	"00000000-0000-0000-0000-000000000000",
	'');
INSERT INTO SM_SEME
	VALUES ("524ec03a-240a-4a9c-95f0-e524dfd33c16",
	"9ab97142-a93f-4e1b-91a1-e5044db8fa57",
	"e1ae1b1c-700b-4e98-88a0-ea426b7a5bc0",
	"00000000-0000-0000-0000-000000000000");
INSERT INTO SM_CH
	VALUES ("524ec03a-240a-4a9c-95f0-e524dfd33c16",
	"110d4c31-bff5-4464-8f7d-4bdaa9e9c506",
	"e1ae1b1c-700b-4e98-88a0-ea426b7a5bc0",
	"00000000-0000-0000-0000-000000000000",
	'');
INSERT INTO SM_SEME
	VALUES ("524ec03a-240a-4a9c-95f0-e524dfd33c16",
	"110d4c31-bff5-4464-8f7d-4bdaa9e9c506",
	"e1ae1b1c-700b-4e98-88a0-ea426b7a5bc0",
	"00000000-0000-0000-0000-000000000000");
INSERT INTO SM_CH
	VALUES ("524ec03a-240a-4a9c-95f0-e524dfd33c16",
	"4dd720f8-ea9f-46a1-b49e-3e71c34ee328",
	"e1ae1b1c-700b-4e98-88a0-ea426b7a5bc0",
	"00000000-0000-0000-0000-000000000000",
	'');
INSERT INTO SM_SEME
	VALUES ("524ec03a-240a-4a9c-95f0-e524dfd33c16",
	"4dd720f8-ea9f-46a1-b49e-3e71c34ee328",
	"e1ae1b1c-700b-4e98-88a0-ea426b7a5bc0",
	"00000000-0000-0000-0000-000000000000");
INSERT INTO SM_CH
	VALUES ("524ec03a-240a-4a9c-95f0-e524dfd33c16",
	"75c705b8-67b7-4f54-ba63-70cbb52a393c",
	"e1ae1b1c-700b-4e98-88a0-ea426b7a5bc0",
	"00000000-0000-0000-0000-000000000000",
	'');
INSERT INTO SM_SEME
	VALUES ("524ec03a-240a-4a9c-95f0-e524dfd33c16",
	"75c705b8-67b7-4f54-ba63-70cbb52a393c",
	"e1ae1b1c-700b-4e98-88a0-ea426b7a5bc0",
	"00000000-0000-0000-0000-000000000000");
INSERT INTO SM_SEME
	VALUES ("524ec03a-240a-4a9c-95f0-e524dfd33c16",
	"2db38f50-f022-4a1d-b1ce-76683b273e03",
	"e1ae1b1c-700b-4e98-88a0-ea426b7a5bc0",
	"00000000-0000-0000-0000-000000000000");
INSERT INTO SM_MOAH
	VALUES ("475116ed-444e-4483-bdbf-0e92e8808c08",
	"e1ae1b1c-700b-4e98-88a0-ea426b7a5bc0",
	"524ec03a-240a-4a9c-95f0-e524dfd33c16");
INSERT INTO SM_AH
	VALUES ("475116ed-444e-4483-bdbf-0e92e8808c08",
	"e1ae1b1c-700b-4e98-88a0-ea426b7a5bc0");
INSERT INTO SM_ACT
	VALUES ("475116ed-444e-4483-bdbf-0e92e8808c08",
	"e1ae1b1c-700b-4e98-88a0-ea426b7a5bc0",
	1,
	'self.stop();
',
	'',
	0);
INSERT INTO ACT_SAB
	VALUES ("c25176b1-7084-4e36-8e9c-4a78299a502c",
	"e1ae1b1c-700b-4e98-88a0-ea426b7a5bc0",
	"475116ed-444e-4483-bdbf-0e92e8808c08");
INSERT INTO ACT_ACT
	VALUES ("c25176b1-7084-4e36-8e9c-4a78299a502c",
	'state',
	0,
	"86e68fd5-0756-4699-82ea-ec22dae7a6b9",
	"00000000-0000-0000-0000-000000000000",
	0,
	'LineTracer::init',
	"00000000-0000-0000-0000-000000000000");
INSERT INTO ACT_BLK
	VALUES ("86e68fd5-0756-4699-82ea-ec22dae7a6b9",
	0,
	0,
	0,
	'',
	'',
	'',
	1,
	1,
	0,
	0,
	0,
	0,
	0,
	0,
	0,
	0,
	0,
	0,
	0,
	"c25176b1-7084-4e36-8e9c-4a78299a502c",
	"00000000-0000-0000-0000-000000000000");
INSERT INTO ACT_SMT
	VALUES ("be677b9e-528f-4c7c-8c1c-29dca8e0c5e3",
	"86e68fd5-0756-4699-82ea-ec22dae7a6b9",
	"00000000-0000-0000-0000-000000000000",
	1,
	1,
	'LineTracer::init line: 1');
INSERT INTO ACT_TFM
	VALUES ("be677b9e-528f-4c7c-8c1c-29dca8e0c5e3",
	"3bc2154b-13e9-4695-906b-4d340925dde9",
	"cd1e9df6-2149-4e88-9c14-84c088c37a38",
	1,
	6,
	0,
	0);
INSERT INTO V_VAR
	VALUES ("cd1e9df6-2149-4e88-9c14-84c088c37a38",
	"86e68fd5-0756-4699-82ea-ec22dae7a6b9",
	'self',
	1,
	"ba5eda7a-def5-0000-0000-000000000008");
INSERT INTO V_INT
	VALUES ("cd1e9df6-2149-4e88-9c14-84c088c37a38",
	0,
	"214f56bf-5fb1-4da3-9975-25af1fde3787");
INSERT INTO SM_STATE
	VALUES ("c1a370c6-9041-4f3e-b8ce-91b59557d039",
	"e1ae1b1c-700b-4e98-88a0-ea426b7a5bc0",
	"00000000-0000-0000-0000-000000000000",
	'online',
	2,
	0);
INSERT INTO SM_CH
	VALUES ("c1a370c6-9041-4f3e-b8ce-91b59557d039",
	"7a29b4e9-4644-47b0-998f-c8ba011fce8e",
	"e1ae1b1c-700b-4e98-88a0-ea426b7a5bc0",
	"00000000-0000-0000-0000-000000000000",
	'');
INSERT INTO SM_SEME
	VALUES ("c1a370c6-9041-4f3e-b8ce-91b59557d039",
	"7a29b4e9-4644-47b0-998f-c8ba011fce8e",
	"e1ae1b1c-700b-4e98-88a0-ea426b7a5bc0",
	"00000000-0000-0000-0000-000000000000");
INSERT INTO SM_CH
	VALUES ("c1a370c6-9041-4f3e-b8ce-91b59557d039",
	"9ab97142-a93f-4e1b-91a1-e5044db8fa57",
	"e1ae1b1c-700b-4e98-88a0-ea426b7a5bc0",
	"00000000-0000-0000-0000-000000000000",
	'');
INSERT INTO SM_SEME
	VALUES ("c1a370c6-9041-4f3e-b8ce-91b59557d039",
	"9ab97142-a93f-4e1b-91a1-e5044db8fa57",
	"e1ae1b1c-700b-4e98-88a0-ea426b7a5bc0",
	"00000000-0000-0000-0000-000000000000");
INSERT INTO SM_SEME
	VALUES ("c1a370c6-9041-4f3e-b8ce-91b59557d039",
	"110d4c31-bff5-4464-8f7d-4bdaa9e9c506",
	"e1ae1b1c-700b-4e98-88a0-ea426b7a5bc0",
	"00000000-0000-0000-0000-000000000000");
INSERT INTO SM_SEME
	VALUES ("c1a370c6-9041-4f3e-b8ce-91b59557d039",
	"4dd720f8-ea9f-46a1-b49e-3e71c34ee328",
	"e1ae1b1c-700b-4e98-88a0-ea426b7a5bc0",
	"00000000-0000-0000-0000-000000000000");
INSERT INTO SM_CH
	VALUES ("c1a370c6-9041-4f3e-b8ce-91b59557d039",
	"75c705b8-67b7-4f54-ba63-70cbb52a393c",
	"e1ae1b1c-700b-4e98-88a0-ea426b7a5bc0",
	"00000000-0000-0000-0000-000000000000",
	'');
INSERT INTO SM_SEME
	VALUES ("c1a370c6-9041-4f3e-b8ce-91b59557d039",
	"75c705b8-67b7-4f54-ba63-70cbb52a393c",
	"e1ae1b1c-700b-4e98-88a0-ea426b7a5bc0",
	"00000000-0000-0000-0000-000000000000");
INSERT INTO SM_CH
	VALUES ("c1a370c6-9041-4f3e-b8ce-91b59557d039",
	"2db38f50-f022-4a1d-b1ce-76683b273e03",
	"e1ae1b1c-700b-4e98-88a0-ea426b7a5bc0",
	"00000000-0000-0000-0000-000000000000",
	'');
INSERT INTO SM_SEME
	VALUES ("c1a370c6-9041-4f3e-b8ce-91b59557d039",
	"2db38f50-f022-4a1d-b1ce-76683b273e03",
	"e1ae1b1c-700b-4e98-88a0-ea426b7a5bc0",
	"00000000-0000-0000-0000-000000000000");
INSERT INTO SM_MOAH
	VALUES ("e788e324-d943-4916-9452-88edbfa288dc",
	"e1ae1b1c-700b-4e98-88a0-ea426b7a5bc0",
	"c1a370c6-9041-4f3e-b8ce-91b59557d039");
INSERT INTO SM_AH
	VALUES ("e788e324-d943-4916-9452-88edbfa288dc",
	"e1ae1b1c-700b-4e98-88a0-ea426b7a5bc0");
INSERT INTO SM_ACT
	VALUES ("e788e324-d943-4916-9452-88edbfa288dc",
	"e1ae1b1c-700b-4e98-88a0-ea426b7a5bc0",
	1,
	'self.turn_left();',
	'',
	0);
INSERT INTO ACT_SAB
	VALUES ("53e732b6-496a-4a0a-9f26-a0adb8bfb9c9",
	"e1ae1b1c-700b-4e98-88a0-ea426b7a5bc0",
	"e788e324-d943-4916-9452-88edbfa288dc");
INSERT INTO ACT_ACT
	VALUES ("53e732b6-496a-4a0a-9f26-a0adb8bfb9c9",
	'state',
	0,
	"fab4c5f0-c512-4931-a4f5-b8361e220754",
	"00000000-0000-0000-0000-000000000000",
	0,
	'LineTracer::online',
	"00000000-0000-0000-0000-000000000000");
INSERT INTO ACT_BLK
	VALUES ("fab4c5f0-c512-4931-a4f5-b8361e220754",
	0,
	0,
	0,
	'',
	'',
	'',
	1,
	1,
	0,
	0,
	0,
	0,
	0,
	0,
	0,
	0,
	0,
	0,
	0,
	"53e732b6-496a-4a0a-9f26-a0adb8bfb9c9",
	"00000000-0000-0000-0000-000000000000");
INSERT INTO ACT_SMT
	VALUES ("833135a8-5e69-4295-b16f-cdfdb4fdd6c1",
	"fab4c5f0-c512-4931-a4f5-b8361e220754",
	"00000000-0000-0000-0000-000000000000",
	1,
	1,
	'LineTracer::online line: 1');
INSERT INTO ACT_TFM
	VALUES ("833135a8-5e69-4295-b16f-cdfdb4fdd6c1",
	"bc9fcf88-d11e-460a-9370-96b041b11d60",
	"43a4892f-eeee-433c-bd94-27397162f541",
	1,
	6,
	0,
	0);
INSERT INTO V_VAR
	VALUES ("43a4892f-eeee-433c-bd94-27397162f541",
	"fab4c5f0-c512-4931-a4f5-b8361e220754",
	'self',
	1,
	"ba5eda7a-def5-0000-0000-000000000008");
INSERT INTO V_INT
	VALUES ("43a4892f-eeee-433c-bd94-27397162f541",
	0,
	"214f56bf-5fb1-4da3-9975-25af1fde3787");
INSERT INTO SM_STATE
	VALUES ("4a049d85-7ab1-430d-aabe-68f0dcfb642a",
	"e1ae1b1c-700b-4e98-88a0-ea426b7a5bc0",
	"00000000-0000-0000-0000-000000000000",
	'offline',
	3,
	0);
INSERT INTO SM_CH
	VALUES ("4a049d85-7ab1-430d-aabe-68f0dcfb642a",
	"7a29b4e9-4644-47b0-998f-c8ba011fce8e",
	"e1ae1b1c-700b-4e98-88a0-ea426b7a5bc0",
	"00000000-0000-0000-0000-000000000000",
	'');
INSERT INTO SM_SEME
	VALUES ("4a049d85-7ab1-430d-aabe-68f0dcfb642a",
	"7a29b4e9-4644-47b0-998f-c8ba011fce8e",
	"e1ae1b1c-700b-4e98-88a0-ea426b7a5bc0",
	"00000000-0000-0000-0000-000000000000");
INSERT INTO SM_SEME
	VALUES ("4a049d85-7ab1-430d-aabe-68f0dcfb642a",
	"9ab97142-a93f-4e1b-91a1-e5044db8fa57",
	"e1ae1b1c-700b-4e98-88a0-ea426b7a5bc0",
	"00000000-0000-0000-0000-000000000000");
INSERT INTO SM_CH
	VALUES ("4a049d85-7ab1-430d-aabe-68f0dcfb642a",
	"110d4c31-bff5-4464-8f7d-4bdaa9e9c506",
	"e1ae1b1c-700b-4e98-88a0-ea426b7a5bc0",
	"00000000-0000-0000-0000-000000000000",
	'');
INSERT INTO SM_SEME
	VALUES ("4a049d85-7ab1-430d-aabe-68f0dcfb642a",
	"110d4c31-bff5-4464-8f7d-4bdaa9e9c506",
	"e1ae1b1c-700b-4e98-88a0-ea426b7a5bc0",
	"00000000-0000-0000-0000-000000000000");
INSERT INTO SM_SEME
	VALUES ("4a049d85-7ab1-430d-aabe-68f0dcfb642a",
	"4dd720f8-ea9f-46a1-b49e-3e71c34ee328",
	"e1ae1b1c-700b-4e98-88a0-ea426b7a5bc0",
	"00000000-0000-0000-0000-000000000000");
INSERT INTO SM_CH
	VALUES ("4a049d85-7ab1-430d-aabe-68f0dcfb642a",
	"75c705b8-67b7-4f54-ba63-70cbb52a393c",
	"e1ae1b1c-700b-4e98-88a0-ea426b7a5bc0",
	"00000000-0000-0000-0000-000000000000",
	'');
INSERT INTO SM_SEME
	VALUES ("4a049d85-7ab1-430d-aabe-68f0dcfb642a",
	"75c705b8-67b7-4f54-ba63-70cbb52a393c",
	"e1ae1b1c-700b-4e98-88a0-ea426b7a5bc0",
	"00000000-0000-0000-0000-000000000000");
INSERT INTO SM_CH
	VALUES ("4a049d85-7ab1-430d-aabe-68f0dcfb642a",
	"2db38f50-f022-4a1d-b1ce-76683b273e03",
	"e1ae1b1c-700b-4e98-88a0-ea426b7a5bc0",
	"00000000-0000-0000-0000-000000000000",
	'');
INSERT INTO SM_SEME
	VALUES ("4a049d85-7ab1-430d-aabe-68f0dcfb642a",
	"2db38f50-f022-4a1d-b1ce-76683b273e03",
	"e1ae1b1c-700b-4e98-88a0-ea426b7a5bc0",
	"00000000-0000-0000-0000-000000000000");
INSERT INTO SM_MOAH
	VALUES ("53c3fbfe-34b0-4bbe-9852-cfe4d33609ba",
	"e1ae1b1c-700b-4e98-88a0-ea426b7a5bc0",
	"4a049d85-7ab1-430d-aabe-68f0dcfb642a");
INSERT INTO SM_AH
	VALUES ("53c3fbfe-34b0-4bbe-9852-cfe4d33609ba",
	"e1ae1b1c-700b-4e98-88a0-ea426b7a5bc0");
INSERT INTO SM_ACT
	VALUES ("53c3fbfe-34b0-4bbe-9852-cfe4d33609ba",
	"e1ae1b1c-700b-4e98-88a0-ea426b7a5bc0",
	1,
	'self.turn_right();',
	'',
	0);
INSERT INTO ACT_SAB
	VALUES ("7188c1b7-863f-447e-be04-2e0326fab4d1",
	"e1ae1b1c-700b-4e98-88a0-ea426b7a5bc0",
	"53c3fbfe-34b0-4bbe-9852-cfe4d33609ba");
INSERT INTO ACT_ACT
	VALUES ("7188c1b7-863f-447e-be04-2e0326fab4d1",
	'state',
	0,
	"354ab2a3-827c-41d9-9b81-057addc82e21",
	"00000000-0000-0000-0000-000000000000",
	0,
	'LineTracer::offline',
	"00000000-0000-0000-0000-000000000000");
INSERT INTO ACT_BLK
	VALUES ("354ab2a3-827c-41d9-9b81-057addc82e21",
	0,
	0,
	0,
	'',
	'',
	'',
	1,
	1,
	0,
	0,
	0,
	0,
	0,
	0,
	0,
	0,
	0,
	0,
	0,
	"7188c1b7-863f-447e-be04-2e0326fab4d1",
	"00000000-0000-0000-0000-000000000000");
INSERT INTO ACT_SMT
	VALUES ("aeaa23dc-c633-4f1e-8f56-e2c584106ea7",
	"354ab2a3-827c-41d9-9b81-057addc82e21",
	"00000000-0000-0000-0000-000000000000",
	1,
	1,
	'LineTracer::offline line: 1');
INSERT INTO ACT_TFM
	VALUES ("aeaa23dc-c633-4f1e-8f56-e2c584106ea7",
	"6f8302d4-db51-4bed-9f69-2634d84cbcd8",
	"604bf85a-4a82-4bf4-979b-f5b2f27255a6",
	1,
	6,
	0,
	0);
INSERT INTO V_VAR
	VALUES ("604bf85a-4a82-4bf4-979b-f5b2f27255a6",
	"354ab2a3-827c-41d9-9b81-057addc82e21",
	'self',
	1,
	"ba5eda7a-def5-0000-0000-000000000008");
INSERT INTO V_INT
	VALUES ("604bf85a-4a82-4bf4-979b-f5b2f27255a6",
	0,
	"214f56bf-5fb1-4da3-9975-25af1fde3787");
INSERT INTO SM_STATE
	VALUES ("0ed9104b-e1f2-40c4-802e-8d987f88104e",
	"e1ae1b1c-700b-4e98-88a0-ea426b7a5bc0",
	"00000000-0000-0000-0000-000000000000",
	'cargo_loaded',
	4,
	0);
INSERT INTO SM_CH
	VALUES ("0ed9104b-e1f2-40c4-802e-8d987f88104e",
	"7a29b4e9-4644-47b0-998f-c8ba011fce8e",
	"e1ae1b1c-700b-4e98-88a0-ea426b7a5bc0",
	"00000000-0000-0000-0000-000000000000",
	'');
INSERT INTO SM_SEME
	VALUES ("0ed9104b-e1f2-40c4-802e-8d987f88104e",
	"7a29b4e9-4644-47b0-998f-c8ba011fce8e",
	"e1ae1b1c-700b-4e98-88a0-ea426b7a5bc0",
	"00000000-0000-0000-0000-000000000000");
INSERT INTO SM_CH
	VALUES ("0ed9104b-e1f2-40c4-802e-8d987f88104e",
	"9ab97142-a93f-4e1b-91a1-e5044db8fa57",
	"e1ae1b1c-700b-4e98-88a0-ea426b7a5bc0",
	"00000000-0000-0000-0000-000000000000",
	'');
INSERT INTO SM_SEME
	VALUES ("0ed9104b-e1f2-40c4-802e-8d987f88104e",
	"9ab97142-a93f-4e1b-91a1-e5044db8fa57",
	"e1ae1b1c-700b-4e98-88a0-ea426b7a5bc0",
	"00000000-0000-0000-0000-000000000000");
INSERT INTO SM_CH
	VALUES ("0ed9104b-e1f2-40c4-802e-8d987f88104e",
	"110d4c31-bff5-4464-8f7d-4bdaa9e9c506",
	"e1ae1b1c-700b-4e98-88a0-ea426b7a5bc0",
	"00000000-0000-0000-0000-000000000000",
	'');
INSERT INTO SM_SEME
	VALUES ("0ed9104b-e1f2-40c4-802e-8d987f88104e",
	"110d4c31-bff5-4464-8f7d-4bdaa9e9c506",
	"e1ae1b1c-700b-4e98-88a0-ea426b7a5bc0",
	"00000000-0000-0000-0000-000000000000");
INSERT INTO SM_CH
	VALUES ("0ed9104b-e1f2-40c4-802e-8d987f88104e",
	"4dd720f8-ea9f-46a1-b49e-3e71c34ee328",
	"e1ae1b1c-700b-4e98-88a0-ea426b7a5bc0",
	"00000000-0000-0000-0000-000000000000",
	'');
INSERT INTO SM_SEME
	VALUES ("0ed9104b-e1f2-40c4-802e-8d987f88104e",
	"4dd720f8-ea9f-46a1-b49e-3e71c34ee328",
	"e1ae1b1c-700b-4e98-88a0-ea426b7a5bc0",
	"00000000-0000-0000-0000-000000000000");
INSERT INTO SM_SEME
	VALUES ("0ed9104b-e1f2-40c4-802e-8d987f88104e",
	"75c705b8-67b7-4f54-ba63-70cbb52a393c",
	"e1ae1b1c-700b-4e98-88a0-ea426b7a5bc0",
	"00000000-0000-0000-0000-000000000000");
INSERT INTO SM_CH
	VALUES ("0ed9104b-e1f2-40c4-802e-8d987f88104e",
	"2db38f50-f022-4a1d-b1ce-76683b273e03",
	"e1ae1b1c-700b-4e98-88a0-ea426b7a5bc0",
	"00000000-0000-0000-0000-000000000000",
	'');
INSERT INTO SM_SEME
	VALUES ("0ed9104b-e1f2-40c4-802e-8d987f88104e",
	"2db38f50-f022-4a1d-b1ce-76683b273e03",
	"e1ae1b1c-700b-4e98-88a0-ea426b7a5bc0",
	"00000000-0000-0000-0000-000000000000");
INSERT INTO SM_MOAH
	VALUES ("c33f8733-33e5-4bb0-bd50-4bb1fb9fb5ea",
	"e1ae1b1c-700b-4e98-88a0-ea426b7a5bc0",
	"0ed9104b-e1f2-40c4-802e-8d987f88104e");
INSERT INTO SM_AH
	VALUES ("c33f8733-33e5-4bb0-bd50-4bb1fb9fb5ea",
	"e1ae1b1c-700b-4e98-88a0-ea426b7a5bc0");
INSERT INTO SM_ACT
	VALUES ("c33f8733-33e5-4bb0-bd50-4bb1fb9fb5ea",
	"e1ae1b1c-700b-4e98-88a0-ea426b7a5bc0",
	1,
	'',
	'',
	0);
INSERT INTO ACT_SAB
	VALUES ("086fd099-dc36-4b3b-af87-069404db850e",
	"e1ae1b1c-700b-4e98-88a0-ea426b7a5bc0",
	"c33f8733-33e5-4bb0-bd50-4bb1fb9fb5ea");
INSERT INTO ACT_ACT
	VALUES ("086fd099-dc36-4b3b-af87-069404db850e",
	'state',
	0,
	"7fe2e523-f2f6-4be3-b93f-bd8a4e496377",
	"00000000-0000-0000-0000-000000000000",
	0,
	'LineTracer::cargo_loaded',
	"00000000-0000-0000-0000-000000000000");
INSERT INTO ACT_BLK
	VALUES ("7fe2e523-f2f6-4be3-b93f-bd8a4e496377",
	0,
	0,
	0,
	'',
	'',
	'',
	0,
	0,
	0,
	0,
	0,
	0,
	0,
	0,
	0,
	0,
	0,
	0,
	0,
	"086fd099-dc36-4b3b-af87-069404db850e",
	"00000000-0000-0000-0000-000000000000");
INSERT INTO SM_NSTXN
	VALUES ("6907141a-f3c4-4556-8489-e57533fffc70",
	"e1ae1b1c-700b-4e98-88a0-ea426b7a5bc0",
	"c1a370c6-9041-4f3e-b8ce-91b59557d039",
	"110d4c31-bff5-4464-8f7d-4bdaa9e9c506",
	"00000000-0000-0000-0000-000000000000");
INSERT INTO SM_TAH
	VALUES ("0b2aeac1-611d-4db7-b1f3-d2e8d3b3cc81",
	"e1ae1b1c-700b-4e98-88a0-ea426b7a5bc0",
	"6907141a-f3c4-4556-8489-e57533fffc70");
INSERT INTO SM_AH
	VALUES ("0b2aeac1-611d-4db7-b1f3-d2e8d3b3cc81",
	"e1ae1b1c-700b-4e98-88a0-ea426b7a5bc0");
INSERT INTO SM_ACT
	VALUES ("0b2aeac1-611d-4db7-b1f3-d2e8d3b3cc81",
	"e1ae1b1c-700b-4e98-88a0-ea426b7a5bc0",
	1,
	'',
	'',
	0);
INSERT INTO ACT_TAB
	VALUES ("9e07c06d-9113-439f-a609-ee8588e6a592",
	"e1ae1b1c-700b-4e98-88a0-ea426b7a5bc0",
	"0b2aeac1-611d-4db7-b1f3-d2e8d3b3cc81");
INSERT INTO ACT_ACT
	VALUES ("9e07c06d-9113-439f-a609-ee8588e6a592",
	'transition',
	0,
	"edf4619e-26ee-45c3-8109-f2b9af5d7fbd",
	"00000000-0000-0000-0000-000000000000",
	0,
	'LineTracer3: offline',
	"00000000-0000-0000-0000-000000000000");
INSERT INTO ACT_BLK
	VALUES ("edf4619e-26ee-45c3-8109-f2b9af5d7fbd",
	0,
	0,
	0,
	'',
	'',
	'',
	0,
	0,
	0,
	0,
	0,
	0,
	0,
	0,
	0,
	0,
	0,
	0,
	0,
	"9e07c06d-9113-439f-a609-ee8588e6a592",
	"00000000-0000-0000-0000-000000000000");
INSERT INTO SM_TXN
	VALUES ("6907141a-f3c4-4556-8489-e57533fffc70",
	"e1ae1b1c-700b-4e98-88a0-ea426b7a5bc0",
	"4a049d85-7ab1-430d-aabe-68f0dcfb642a",
	"00000000-0000-0000-0000-000000000000");
INSERT INTO SM_NSTXN
	VALUES ("85b97ffa-ab8b-4367-8be4-ad44de38bf36",
	"e1ae1b1c-700b-4e98-88a0-ea426b7a5bc0",
	"4a049d85-7ab1-430d-aabe-68f0dcfb642a",
	"9ab97142-a93f-4e1b-91a1-e5044db8fa57",
	"00000000-0000-0000-0000-000000000000");
INSERT INTO SM_TAH
	VALUES ("17b99d18-170a-4295-80e5-c85a379fde76",
	"e1ae1b1c-700b-4e98-88a0-ea426b7a5bc0",
	"85b97ffa-ab8b-4367-8be4-ad44de38bf36");
INSERT INTO SM_AH
	VALUES ("17b99d18-170a-4295-80e5-c85a379fde76",
	"e1ae1b1c-700b-4e98-88a0-ea426b7a5bc0");
INSERT INTO SM_ACT
	VALUES ("17b99d18-170a-4295-80e5-c85a379fde76",
	"e1ae1b1c-700b-4e98-88a0-ea426b7a5bc0",
	1,
	'',
	'',
	0);
INSERT INTO ACT_TAB
	VALUES ("82af0bd3-2bba-4680-9c2b-66929a6537e1",
	"e1ae1b1c-700b-4e98-88a0-ea426b7a5bc0",
	"17b99d18-170a-4295-80e5-c85a379fde76");
INSERT INTO ACT_ACT
	VALUES ("82af0bd3-2bba-4680-9c2b-66929a6537e1",
	'transition',
	0,
	"7ac1fcb7-ad07-4d5c-b0df-ce29392ae92e",
	"00000000-0000-0000-0000-000000000000",
	0,
	'LineTracer2: online',
	"00000000-0000-0000-0000-000000000000");
INSERT INTO ACT_BLK
	VALUES ("7ac1fcb7-ad07-4d5c-b0df-ce29392ae92e",
	0,
	0,
	0,
	'',
	'',
	'',
	0,
	0,
	0,
	0,
	0,
	0,
	0,
	0,
	0,
	0,
	0,
	0,
	0,
	"82af0bd3-2bba-4680-9c2b-66929a6537e1",
	"00000000-0000-0000-0000-000000000000");
INSERT INTO SM_TXN
	VALUES ("85b97ffa-ab8b-4367-8be4-ad44de38bf36",
	"e1ae1b1c-700b-4e98-88a0-ea426b7a5bc0",
	"c1a370c6-9041-4f3e-b8ce-91b59557d039",
	"00000000-0000-0000-0000-000000000000");
INSERT INTO SM_NSTXN
	VALUES ("f1faf21b-5b26-45dc-bb94-8afc10a66b7a",
	"e1ae1b1c-700b-4e98-88a0-ea426b7a5bc0",
	"c1a370c6-9041-4f3e-b8ce-91b59557d039",
	"4dd720f8-ea9f-46a1-b49e-3e71c34ee328",
	"00000000-0000-0000-0000-000000000000");
INSERT INTO SM_TAH
	VALUES ("e448c86e-4a37-4462-9008-a6c5724e02a2",
	"e1ae1b1c-700b-4e98-88a0-ea426b7a5bc0",
	"f1faf21b-5b26-45dc-bb94-8afc10a66b7a");
INSERT INTO SM_AH
	VALUES ("e448c86e-4a37-4462-9008-a6c5724e02a2",
	"e1ae1b1c-700b-4e98-88a0-ea426b7a5bc0");
INSERT INTO SM_ACT
	VALUES ("e448c86e-4a37-4462-9008-a6c5724e02a2",
	"e1ae1b1c-700b-4e98-88a0-ea426b7a5bc0",
	1,
	'',
	'',
	0);
INSERT INTO ACT_TAB
	VALUES ("45a59af3-1b0b-47d5-8ca4-9f5771d2e0ab",
	"e1ae1b1c-700b-4e98-88a0-ea426b7a5bc0",
	"e448c86e-4a37-4462-9008-a6c5724e02a2");
INSERT INTO ACT_ACT
	VALUES ("45a59af3-1b0b-47d5-8ca4-9f5771d2e0ab",
	'transition',
	0,
	"6b792626-b384-4676-9c1e-b37342fd5862",
	"00000000-0000-0000-0000-000000000000",
	0,
	'LineTracer4: bumper',
	"00000000-0000-0000-0000-000000000000");
INSERT INTO ACT_BLK
	VALUES ("6b792626-b384-4676-9c1e-b37342fd5862",
	0,
	0,
	0,
	'',
	'',
	'',
	0,
	0,
	0,
	0,
	0,
	0,
	0,
	0,
	0,
	0,
	0,
	0,
	0,
	"45a59af3-1b0b-47d5-8ca4-9f5771d2e0ab",
	"00000000-0000-0000-0000-000000000000");
INSERT INTO SM_TXN
	VALUES ("f1faf21b-5b26-45dc-bb94-8afc10a66b7a",
	"e1ae1b1c-700b-4e98-88a0-ea426b7a5bc0",
	"524ec03a-240a-4a9c-95f0-e524dfd33c16",
	"00000000-0000-0000-0000-000000000000");
INSERT INTO SM_NSTXN
	VALUES ("d651271b-1691-411b-b0aa-a777aaa02e17",
	"e1ae1b1c-700b-4e98-88a0-ea426b7a5bc0",
	"4a049d85-7ab1-430d-aabe-68f0dcfb642a",
	"4dd720f8-ea9f-46a1-b49e-3e71c34ee328",
	"00000000-0000-0000-0000-000000000000");
INSERT INTO SM_TAH
	VALUES ("69f499dc-fe50-4a5a-a747-985a038c92b0",
	"e1ae1b1c-700b-4e98-88a0-ea426b7a5bc0",
	"d651271b-1691-411b-b0aa-a777aaa02e17");
INSERT INTO SM_AH
	VALUES ("69f499dc-fe50-4a5a-a747-985a038c92b0",
	"e1ae1b1c-700b-4e98-88a0-ea426b7a5bc0");
INSERT INTO SM_ACT
	VALUES ("69f499dc-fe50-4a5a-a747-985a038c92b0",
	"e1ae1b1c-700b-4e98-88a0-ea426b7a5bc0",
	1,
	'',
	'',
	0);
INSERT INTO ACT_TAB
	VALUES ("814e0d5f-b6ac-4b3f-a44f-d234e1d95c4e",
	"e1ae1b1c-700b-4e98-88a0-ea426b7a5bc0",
	"69f499dc-fe50-4a5a-a747-985a038c92b0");
INSERT INTO ACT_ACT
	VALUES ("814e0d5f-b6ac-4b3f-a44f-d234e1d95c4e",
	'transition',
	0,
	"24f5eb47-2112-47f5-93f8-39f3c3e4b81a",
	"00000000-0000-0000-0000-000000000000",
	0,
	'LineTracer4: bumper',
	"00000000-0000-0000-0000-000000000000");
INSERT INTO ACT_BLK
	VALUES ("24f5eb47-2112-47f5-93f8-39f3c3e4b81a",
	0,
	0,
	0,
	'',
	'',
	'',
	0,
	0,
	0,
	0,
	0,
	0,
	0,
	0,
	0,
	0,
	0,
	0,
	0,
	"814e0d5f-b6ac-4b3f-a44f-d234e1d95c4e",
	"00000000-0000-0000-0000-000000000000");
INSERT INTO SM_TXN
	VALUES ("d651271b-1691-411b-b0aa-a777aaa02e17",
	"e1ae1b1c-700b-4e98-88a0-ea426b7a5bc0",
	"524ec03a-240a-4a9c-95f0-e524dfd33c16",
	"00000000-0000-0000-0000-000000000000");
INSERT INTO SM_NSTXN
	VALUES ("97735770-d988-49c9-90b4-6824e0f911c9",
	"e1ae1b1c-700b-4e98-88a0-ea426b7a5bc0",
	"524ec03a-240a-4a9c-95f0-e524dfd33c16",
	"2db38f50-f022-4a1d-b1ce-76683b273e03",
	"00000000-0000-0000-0000-000000000000");
INSERT INTO SM_TAH
	VALUES ("fb1717f4-3880-4fde-96bd-e3d25e1328dc",
	"e1ae1b1c-700b-4e98-88a0-ea426b7a5bc0",
	"97735770-d988-49c9-90b4-6824e0f911c9");
INSERT INTO SM_AH
	VALUES ("fb1717f4-3880-4fde-96bd-e3d25e1328dc",
	"e1ae1b1c-700b-4e98-88a0-ea426b7a5bc0");
INSERT INTO SM_ACT
	VALUES ("fb1717f4-3880-4fde-96bd-e3d25e1328dc",
	"e1ae1b1c-700b-4e98-88a0-ea426b7a5bc0",
	1,
	'',
	'',
	0);
INSERT INTO ACT_TAB
	VALUES ("52f2820a-9938-41a4-a843-bb3554dd88be",
	"e1ae1b1c-700b-4e98-88a0-ea426b7a5bc0",
	"fb1717f4-3880-4fde-96bd-e3d25e1328dc");
INSERT INTO ACT_ACT
	VALUES ("52f2820a-9938-41a4-a843-bb3554dd88be",
	'transition',
	0,
	"b482a663-6e63-41f1-8433-67031fd833d2",
	"00000000-0000-0000-0000-000000000000",
	0,
	'LineTracer6: cargo',
	"00000000-0000-0000-0000-000000000000");
INSERT INTO ACT_BLK
	VALUES ("b482a663-6e63-41f1-8433-67031fd833d2",
	0,
	0,
	0,
	'',
	'',
	'',
	0,
	0,
	0,
	0,
	0,
	0,
	0,
	0,
	0,
	0,
	0,
	0,
	0,
	"52f2820a-9938-41a4-a843-bb3554dd88be",
	"00000000-0000-0000-0000-000000000000");
INSERT INTO SM_TXN
	VALUES ("97735770-d988-49c9-90b4-6824e0f911c9",
	"e1ae1b1c-700b-4e98-88a0-ea426b7a5bc0",
	"0ed9104b-e1f2-40c4-802e-8d987f88104e",
	"00000000-0000-0000-0000-000000000000");
INSERT INTO SM_NSTXN
	VALUES ("178752f1-e292-4694-81b1-16ff5c2e5e3c",
	"e1ae1b1c-700b-4e98-88a0-ea426b7a5bc0",
	"0ed9104b-e1f2-40c4-802e-8d987f88104e",
	"75c705b8-67b7-4f54-ba63-70cbb52a393c",
	"00000000-0000-0000-0000-000000000000");
INSERT INTO SM_TAH
	VALUES ("2892b2c3-6d60-4202-af2a-c01004d4ce5f",
	"e1ae1b1c-700b-4e98-88a0-ea426b7a5bc0",
	"178752f1-e292-4694-81b1-16ff5c2e5e3c");
INSERT INTO SM_AH
	VALUES ("2892b2c3-6d60-4202-af2a-c01004d4ce5f",
	"e1ae1b1c-700b-4e98-88a0-ea426b7a5bc0");
INSERT INTO SM_ACT
	VALUES ("2892b2c3-6d60-4202-af2a-c01004d4ce5f",
	"e1ae1b1c-700b-4e98-88a0-ea426b7a5bc0",
	1,
	'',
	'',
	0);
INSERT INTO ACT_TAB
	VALUES ("9835d7ad-a435-4caa-b347-3b5aca1b9245",
	"e1ae1b1c-700b-4e98-88a0-ea426b7a5bc0",
	"2892b2c3-6d60-4202-af2a-c01004d4ce5f");
INSERT INTO ACT_ACT
	VALUES ("9835d7ad-a435-4caa-b347-3b5aca1b9245",
	'transition',
	0,
	"be58322f-47ff-4ceb-a4b1-4fa521bfdd25",
	"00000000-0000-0000-0000-000000000000",
	0,
	'LineTracer5: pushed',
	"00000000-0000-0000-0000-000000000000");
INSERT INTO ACT_BLK
	VALUES ("be58322f-47ff-4ceb-a4b1-4fa521bfdd25",
	0,
	0,
	0,
	'',
	'',
	'',
	0,
	0,
	0,
	0,
	0,
	0,
	0,
	0,
	0,
	0,
	0,
	0,
	0,
	"9835d7ad-a435-4caa-b347-3b5aca1b9245",
	"00000000-0000-0000-0000-000000000000");
INSERT INTO SM_TXN
	VALUES ("178752f1-e292-4694-81b1-16ff5c2e5e3c",
	"e1ae1b1c-700b-4e98-88a0-ea426b7a5bc0",
	"4a049d85-7ab1-430d-aabe-68f0dcfb642a",
	"00000000-0000-0000-0000-000000000000");
INSERT INTO PE_PE
	VALUES ("ba5eda7a-def5-0000-0000-000000000000",
	1,
	"00000000-0000-0000-0000-000000000000",
	"00000000-0000-0000-0000-000000000000",
	3);
INSERT INTO S_DT
	VALUES ("ba5eda7a-def5-0000-0000-000000000000",
	"00000000-0000-0000-0000-000000000000",
	'void',
	'',
	'');
INSERT INTO S_CDT
	VALUES ("ba5eda7a-def5-0000-0000-000000000000",
	0);
INSERT INTO PE_PE
	VALUES ("ba5eda7a-def5-0000-0000-000000000001",
	1,
	"00000000-0000-0000-0000-000000000000",
	"00000000-0000-0000-0000-000000000000",
	3);
INSERT INTO S_DT
	VALUES ("ba5eda7a-def5-0000-0000-000000000001",
	"00000000-0000-0000-0000-000000000000",
	'boolean',
	'',
	'');
INSERT INTO S_CDT
	VALUES ("ba5eda7a-def5-0000-0000-000000000001",
	1);
INSERT INTO PE_PE
	VALUES ("ba5eda7a-def5-0000-0000-000000000002",
	1,
	"00000000-0000-0000-0000-000000000000",
	"00000000-0000-0000-0000-000000000000",
	3);
INSERT INTO S_DT
	VALUES ("ba5eda7a-def5-0000-0000-000000000002",
	"00000000-0000-0000-0000-000000000000",
	'integer',
	'',
	'');
INSERT INTO S_CDT
	VALUES ("ba5eda7a-def5-0000-0000-000000000002",
	2);
INSERT INTO PE_PE
	VALUES ("ba5eda7a-def5-0000-0000-000000000003",
	1,
	"00000000-0000-0000-0000-000000000000",
	"00000000-0000-0000-0000-000000000000",
	3);
INSERT INTO S_DT
	VALUES ("ba5eda7a-def5-0000-0000-000000000003",
	"00000000-0000-0000-0000-000000000000",
	'real',
	'',
	'');
INSERT INTO S_CDT
	VALUES ("ba5eda7a-def5-0000-0000-000000000003",
	3);
INSERT INTO PE_PE
	VALUES ("ba5eda7a-def5-0000-0000-000000000004",
	1,
	"00000000-0000-0000-0000-000000000000",
	"00000000-0000-0000-0000-000000000000",
	3);
INSERT INTO S_DT
	VALUES ("ba5eda7a-def5-0000-0000-000000000004",
	"00000000-0000-0000-0000-000000000000",
	'string',
	'',
	'');
INSERT INTO S_CDT
	VALUES ("ba5eda7a-def5-0000-0000-000000000004",
	4);
INSERT INTO PE_PE
	VALUES ("ba5eda7a-def5-0000-0000-000000000005",
	1,
	"00000000-0000-0000-0000-000000000000",
	"00000000-0000-0000-0000-000000000000",
	3);
INSERT INTO S_DT
	VALUES ("ba5eda7a-def5-0000-0000-000000000005",
	"00000000-0000-0000-0000-000000000000",
	'unique_id',
	'',
	'');
INSERT INTO S_CDT
	VALUES ("ba5eda7a-def5-0000-0000-000000000005",
	5);
INSERT INTO PE_PE
	VALUES ("ba5eda7a-def5-0000-0000-000000000006",
	1,
	"00000000-0000-0000-0000-000000000000",
	"00000000-0000-0000-0000-000000000000",
	3);
INSERT INTO S_DT
	VALUES ("ba5eda7a-def5-0000-0000-000000000006",
	"00000000-0000-0000-0000-000000000000",
	'state<State_Model>',
	'',
	'');
INSERT INTO S_CDT
	VALUES ("ba5eda7a-def5-0000-0000-000000000006",
	6);
INSERT INTO PE_PE
	VALUES ("ba5eda7a-def5-0000-0000-000000000007",
	1,
	"00000000-0000-0000-0000-000000000000",
	"00000000-0000-0000-0000-000000000000",
	3);
INSERT INTO S_DT
	VALUES ("ba5eda7a-def5-0000-0000-000000000007",
	"00000000-0000-0000-0000-000000000000",
	'same_as<Base_Attribute>',
	'',
	'');
INSERT INTO S_CDT
	VALUES ("ba5eda7a-def5-0000-0000-000000000007",
	7);
INSERT INTO PE_PE
	VALUES ("ba5eda7a-def5-0000-0000-000000000008",
	1,
	"00000000-0000-0000-0000-000000000000",
	"00000000-0000-0000-0000-000000000000",
	3);
INSERT INTO S_DT
	VALUES ("ba5eda7a-def5-0000-0000-000000000008",
	"00000000-0000-0000-0000-000000000000",
	'inst_ref<Object>',
	'',
	'');
INSERT INTO S_CDT
	VALUES ("ba5eda7a-def5-0000-0000-000000000008",
	8);
INSERT INTO PE_PE
	VALUES ("ba5eda7a-def5-0000-0000-000000000009",
	1,
	"00000000-0000-0000-0000-000000000000",
	"00000000-0000-0000-0000-000000000000",
	3);
INSERT INTO S_DT
	VALUES ("ba5eda7a-def5-0000-0000-000000000009",
	"00000000-0000-0000-0000-000000000000",
	'inst_ref_set<Object>',
	'',
	'');
INSERT INTO S_CDT
	VALUES ("ba5eda7a-def5-0000-0000-000000000009",
	9);
INSERT INTO PE_PE
	VALUES ("ba5eda7a-def5-0000-0000-00000000000a",
	1,
	"00000000-0000-0000-0000-000000000000",
	"00000000-0000-0000-0000-000000000000",
	3);
INSERT INTO S_DT
	VALUES ("ba5eda7a-def5-0000-0000-00000000000a",
	"00000000-0000-0000-0000-000000000000",
	'inst<Event>',
	'',
	'');
INSERT INTO S_CDT
	VALUES ("ba5eda7a-def5-0000-0000-00000000000a",
	10);
INSERT INTO PE_PE
	VALUES ("ba5eda7a-def5-0000-0000-00000000000b",
	1,
	"00000000-0000-0000-0000-000000000000",
	"00000000-0000-0000-0000-000000000000",
	3);
INSERT INTO S_DT
	VALUES ("ba5eda7a-def5-0000-0000-00000000000b",
	"00000000-0000-0000-0000-000000000000",
	'inst<Mapping>',
	'',
	'');
INSERT INTO S_CDT
	VALUES ("ba5eda7a-def5-0000-0000-00000000000b",
	11);
INSERT INTO PE_PE
	VALUES ("ba5eda7a-def5-0000-0000-00000000000c",
	1,
	"00000000-0000-0000-0000-000000000000",
	"00000000-0000-0000-0000-000000000000",
	3);
INSERT INTO S_DT
	VALUES ("ba5eda7a-def5-0000-0000-00000000000c",
	"00000000-0000-0000-0000-000000000000",
	'inst_ref<Mapping>',
	'',
	'');
INSERT INTO S_CDT
	VALUES ("ba5eda7a-def5-0000-0000-00000000000c",
	12);
INSERT INTO PE_PE
	VALUES ("ba5eda7a-def5-0000-0000-00000000000d",
	1,
	"00000000-0000-0000-0000-000000000000",
	"00000000-0000-0000-0000-000000000000",
	3);
INSERT INTO S_DT
	VALUES ("ba5eda7a-def5-0000-0000-00000000000d",
	"00000000-0000-0000-0000-000000000000",
	'component_ref',
	'',
	'');
INSERT INTO S_CDT
	VALUES ("ba5eda7a-def5-0000-0000-00000000000d",
	13);
INSERT INTO PE_PE
	VALUES ("ba5eda7a-def5-0000-0000-00000000000e",
	1,
	"00000000-0000-0000-0000-000000000000",
	"00000000-0000-0000-0000-000000000000",
	3);
INSERT INTO S_DT
	VALUES ("ba5eda7a-def5-0000-0000-00000000000e",
	"00000000-0000-0000-0000-000000000000",
	'date',
	'',
	'');
INSERT INTO S_UDT
	VALUES ("ba5eda7a-def5-0000-0000-00000000000e",
	"ba5eda7a-def5-0000-0000-00000000000b",
	1,
	'');
INSERT INTO PE_PE
	VALUES ("ba5eda7a-def5-0000-0000-00000000000f",
	1,
	"00000000-0000-0000-0000-000000000000",
	"00000000-0000-0000-0000-000000000000",
	3);
INSERT INTO S_DT
	VALUES ("ba5eda7a-def5-0000-0000-00000000000f",
	"00000000-0000-0000-0000-000000000000",
	'inst_ref<Timer>',
	'',
	'');
INSERT INTO S_UDT
	VALUES ("ba5eda7a-def5-0000-0000-00000000000f",
	"ba5eda7a-def5-0000-0000-00000000000c",
	3,
	'');
INSERT INTO PE_PE
	VALUES ("ba5eda7a-def5-0000-0000-000000000010",
	1,
	"00000000-0000-0000-0000-000000000000",
	"00000000-0000-0000-0000-000000000000",
	3);
INSERT INTO S_DT
	VALUES ("ba5eda7a-def5-0000-0000-000000000010",
	"00000000-0000-0000-0000-000000000000",
	'timestamp',
	'',
	'');
INSERT INTO S_UDT
	VALUES ("ba5eda7a-def5-0000-0000-000000000010",
	"ba5eda7a-def5-0000-0000-00000000000b",
	2,
	'');
