-- root-types-contained: SystemModel_c,PackageableElement_c,DataType_c,CoreDataType_c,UserDataType_c
-- BP 7.1 content: StreamData syschar: 3 persistence-version: 7.1.6

INSERT INTO S_SYS
	VALUES ("18e54930-08c5-4e33-be2b-a9ecc8e9cb4d",
	'ZumoLineTracer',
	1);
INSERT INTO EP_PKG
	VALUES ("f3be1b23-cefa-4a72-8845-109261838238",
	"18e54930-08c5-4e33-be2b-a9ecc8e9cb4d",
	"18e54930-08c5-4e33-be2b-a9ecc8e9cb4d",
	'External Entities',
	'',
	0);
INSERT INTO PE_PE
	VALUES ("f343b7f1-727d-4f63-a50f-6bc6f8fe2ea1",
	1,
	"f3be1b23-cefa-4a72-8845-109261838238",
	"00000000-0000-0000-0000-000000000000",
	5);
INSERT INTO S_EE
	VALUES ("f343b7f1-727d-4f63-a50f-6bc6f8fe2ea1",
	'Time',
	'The Time external entity provides date, timestamp, and timer related operations.',
	'TIM',
	"00000000-0000-0000-0000-000000000000",
	'',
	'Time',
	1);
INSERT INTO S_BRG
	VALUES ("0c17e80f-036d-46d4-b581-5b72379e092a",
	"f343b7f1-727d-4f63-a50f-6bc6f8fe2ea1",
	'current_date',
	'',
	1,
	"ba5eda7a-def5-0000-0000-00000000000e",
	'',
	1,
	'',
	0);
INSERT INTO ACT_BRB
	VALUES ("41fc7bf6-07c3-449e-b095-d3875cc9c2ea",
	"0c17e80f-036d-46d4-b581-5b72379e092a");
INSERT INTO ACT_ACT
	VALUES ("41fc7bf6-07c3-449e-b095-d3875cc9c2ea",
	'bridge',
	0,
	"6ea15dc9-e544-42ce-b387-6c978b9023d7",
	"00000000-0000-0000-0000-000000000000",
	0,
	'Time::current_date',
	"00000000-0000-0000-0000-000000000000");
INSERT INTO ACT_BLK
	VALUES ("6ea15dc9-e544-42ce-b387-6c978b9023d7",
	0,
	0,
	0,
	'',
	'',
	'',
	0,
	0,
	0,
	0,
	0,
	0,
	0,
	0,
	0,
	0,
	0,
	0,
	0,
	"41fc7bf6-07c3-449e-b095-d3875cc9c2ea",
	"00000000-0000-0000-0000-000000000000");
INSERT INTO S_BRG
	VALUES ("776b3b19-9bb0-45e8-9c9a-dff68888c9ae",
	"f343b7f1-727d-4f63-a50f-6bc6f8fe2ea1",
	'create_date',
	'',
	1,
	"ba5eda7a-def5-0000-0000-00000000000e",
	'',
	1,
	'',
	0);
INSERT INTO S_BPARM
	VALUES ("5ff38f9c-f380-483f-a53e-f6a0ae3e4121",
	"776b3b19-9bb0-45e8-9c9a-dff68888c9ae",
	'second',
	"ba5eda7a-def5-0000-0000-000000000002",
	0,
	'',
	"018e868a-7ee8-4e45-85b1-1c76a9ca3a79",
	'');
INSERT INTO S_BPARM
	VALUES ("f6bb2c34-aea6-40f5-a525-fa7fe01b8ea9",
	"776b3b19-9bb0-45e8-9c9a-dff68888c9ae",
	'minute',
	"ba5eda7a-def5-0000-0000-000000000002",
	0,
	'',
	"e3379f53-d500-4cf9-b2be-c597954051fa",
	'');
INSERT INTO S_BPARM
	VALUES ("e3379f53-d500-4cf9-b2be-c597954051fa",
	"776b3b19-9bb0-45e8-9c9a-dff68888c9ae",
	'hour',
	"ba5eda7a-def5-0000-0000-000000000002",
	0,
	'',
	"8e105ac2-1412-4282-967f-d71a9906ae17",
	'');
INSERT INTO S_BPARM
	VALUES ("8e105ac2-1412-4282-967f-d71a9906ae17",
	"776b3b19-9bb0-45e8-9c9a-dff68888c9ae",
	'day',
	"ba5eda7a-def5-0000-0000-000000000002",
	0,
	'',
	"00000000-0000-0000-0000-000000000000",
	'');
INSERT INTO S_BPARM
	VALUES ("018e868a-7ee8-4e45-85b1-1c76a9ca3a79",
	"776b3b19-9bb0-45e8-9c9a-dff68888c9ae",
	'month',
	"ba5eda7a-def5-0000-0000-000000000002",
	0,
	'',
	"f6bb2c34-aea6-40f5-a525-fa7fe01b8ea9",
	'');
INSERT INTO S_BPARM
	VALUES ("52f2c3f2-bd65-44f2-98e9-958dddde3200",
	"776b3b19-9bb0-45e8-9c9a-dff68888c9ae",
	'year',
	"ba5eda7a-def5-0000-0000-000000000002",
	0,
	'',
	"5ff38f9c-f380-483f-a53e-f6a0ae3e4121",
	'');
INSERT INTO ACT_BRB
	VALUES ("5400f103-006b-46cc-bfad-3938462c8a34",
	"776b3b19-9bb0-45e8-9c9a-dff68888c9ae");
INSERT INTO ACT_ACT
	VALUES ("5400f103-006b-46cc-bfad-3938462c8a34",
	'bridge',
	0,
	"a3b26b66-3034-4adf-852e-6fb945f5243a",
	"00000000-0000-0000-0000-000000000000",
	0,
	'Time::create_date',
	"00000000-0000-0000-0000-000000000000");
INSERT INTO ACT_BLK
	VALUES ("a3b26b66-3034-4adf-852e-6fb945f5243a",
	0,
	0,
	0,
	'',
	'',
	'',
	0,
	0,
	0,
	0,
	0,
	0,
	0,
	0,
	0,
	0,
	0,
	0,
	0,
	"5400f103-006b-46cc-bfad-3938462c8a34",
	"00000000-0000-0000-0000-000000000000");
INSERT INTO S_BRG
	VALUES ("3b217fe2-e594-40dd-8077-7bc926b44688",
	"f343b7f1-727d-4f63-a50f-6bc6f8fe2ea1",
	'get_second',
	'',
	1,
	"ba5eda7a-def5-0000-0000-000000000002",
	'',
	1,
	'',
	0);
INSERT INTO S_BPARM
	VALUES ("14426ec3-1a12-4934-b667-7577804ab5b3",
	"3b217fe2-e594-40dd-8077-7bc926b44688",
	'date',
	"ba5eda7a-def5-0000-0000-00000000000e",
	0,
	'',
	"00000000-0000-0000-0000-000000000000",
	'');
INSERT INTO ACT_BRB
	VALUES ("76eccad1-9389-48e1-bb99-fbbe2206328a",
	"3b217fe2-e594-40dd-8077-7bc926b44688");
INSERT INTO ACT_ACT
	VALUES ("76eccad1-9389-48e1-bb99-fbbe2206328a",
	'bridge',
	0,
	"39982fd8-a8cf-4753-8b70-b6a832e3f862",
	"00000000-0000-0000-0000-000000000000",
	0,
	'Time::get_second',
	"00000000-0000-0000-0000-000000000000");
INSERT INTO ACT_BLK
	VALUES ("39982fd8-a8cf-4753-8b70-b6a832e3f862",
	0,
	0,
	0,
	'',
	'',
	'',
	0,
	0,
	0,
	0,
	0,
	0,
	0,
	0,
	0,
	0,
	0,
	0,
	0,
	"76eccad1-9389-48e1-bb99-fbbe2206328a",
	"00000000-0000-0000-0000-000000000000");
INSERT INTO S_BRG
	VALUES ("63d09ad7-9f98-4c2c-bb57-176ce8805184",
	"f343b7f1-727d-4f63-a50f-6bc6f8fe2ea1",
	'get_minute',
	'',
	1,
	"ba5eda7a-def5-0000-0000-000000000002",
	'',
	1,
	'',
	0);
INSERT INTO S_BPARM
	VALUES ("92f8e9bd-00c8-4c50-9b4e-c01af659f45c",
	"63d09ad7-9f98-4c2c-bb57-176ce8805184",
	'date',
	"ba5eda7a-def5-0000-0000-00000000000e",
	0,
	'',
	"00000000-0000-0000-0000-000000000000",
	'');
INSERT INTO ACT_BRB
	VALUES ("2fa5954a-a48e-43a5-b80e-a458f27dc3ad",
	"63d09ad7-9f98-4c2c-bb57-176ce8805184");
INSERT INTO ACT_ACT
	VALUES ("2fa5954a-a48e-43a5-b80e-a458f27dc3ad",
	'bridge',
	0,
	"3ad4daa0-1b58-4d3e-af01-ba068bdb82d0",
	"00000000-0000-0000-0000-000000000000",
	0,
	'Time::get_minute',
	"00000000-0000-0000-0000-000000000000");
INSERT INTO ACT_BLK
	VALUES ("3ad4daa0-1b58-4d3e-af01-ba068bdb82d0",
	0,
	0,
	0,
	'',
	'',
	'',
	0,
	0,
	0,
	0,
	0,
	0,
	0,
	0,
	0,
	0,
	0,
	0,
	0,
	"2fa5954a-a48e-43a5-b80e-a458f27dc3ad",
	"00000000-0000-0000-0000-000000000000");
INSERT INTO S_BRG
	VALUES ("44e4381a-a657-4445-a655-40d244a7d5a2",
	"f343b7f1-727d-4f63-a50f-6bc6f8fe2ea1",
	'get_hour',
	'',
	1,
	"ba5eda7a-def5-0000-0000-000000000002",
	'',
	1,
	'',
	0);
INSERT INTO S_BPARM
	VALUES ("17f97628-a13f-42fc-addf-90aedf853f20",
	"44e4381a-a657-4445-a655-40d244a7d5a2",
	'date',
	"ba5eda7a-def5-0000-0000-00000000000e",
	0,
	'',
	"00000000-0000-0000-0000-000000000000",
	'');
INSERT INTO ACT_BRB
	VALUES ("4762b3d9-9ee5-4774-bed8-f515ae4e87c5",
	"44e4381a-a657-4445-a655-40d244a7d5a2");
INSERT INTO ACT_ACT
	VALUES ("4762b3d9-9ee5-4774-bed8-f515ae4e87c5",
	'bridge',
	0,
	"5f4e03e3-d8f1-45a7-9ef0-8b9a85430f40",
	"00000000-0000-0000-0000-000000000000",
	0,
	'Time::get_hour',
	"00000000-0000-0000-0000-000000000000");
INSERT INTO ACT_BLK
	VALUES ("5f4e03e3-d8f1-45a7-9ef0-8b9a85430f40",
	0,
	0,
	0,
	'',
	'',
	'',
	0,
	0,
	0,
	0,
	0,
	0,
	0,
	0,
	0,
	0,
	0,
	0,
	0,
	"4762b3d9-9ee5-4774-bed8-f515ae4e87c5",
	"00000000-0000-0000-0000-000000000000");
INSERT INTO S_BRG
	VALUES ("737c8648-9013-4214-9568-79daeb73238c",
	"f343b7f1-727d-4f63-a50f-6bc6f8fe2ea1",
	'get_day',
	'',
	1,
	"ba5eda7a-def5-0000-0000-000000000002",
	'',
	1,
	'',
	0);
INSERT INTO S_BPARM
	VALUES ("1ef669c8-b3e3-4623-8c27-9b5c8718cfa8",
	"737c8648-9013-4214-9568-79daeb73238c",
	'date',
	"ba5eda7a-def5-0000-0000-00000000000e",
	0,
	'',
	"00000000-0000-0000-0000-000000000000",
	'');
INSERT INTO ACT_BRB
	VALUES ("21925409-6175-4812-b617-5e58295d9716",
	"737c8648-9013-4214-9568-79daeb73238c");
INSERT INTO ACT_ACT
	VALUES ("21925409-6175-4812-b617-5e58295d9716",
	'bridge',
	0,
	"f77d0937-4a8a-4dc8-9972-2257b3c4beb5",
	"00000000-0000-0000-0000-000000000000",
	0,
	'Time::get_day',
	"00000000-0000-0000-0000-000000000000");
INSERT INTO ACT_BLK
	VALUES ("f77d0937-4a8a-4dc8-9972-2257b3c4beb5",
	0,
	0,
	0,
	'',
	'',
	'',
	0,
	0,
	0,
	0,
	0,
	0,
	0,
	0,
	0,
	0,
	0,
	0,
	0,
	"21925409-6175-4812-b617-5e58295d9716",
	"00000000-0000-0000-0000-000000000000");
INSERT INTO S_BRG
	VALUES ("d01a1a6b-dea3-49c8-b9ff-b5628bf7e795",
	"f343b7f1-727d-4f63-a50f-6bc6f8fe2ea1",
	'get_month',
	'',
	1,
	"ba5eda7a-def5-0000-0000-000000000002",
	'',
	1,
	'',
	0);
INSERT INTO S_BPARM
	VALUES ("e86e1ed1-2efa-47fd-8247-b009575333bc",
	"d01a1a6b-dea3-49c8-b9ff-b5628bf7e795",
	'date',
	"ba5eda7a-def5-0000-0000-00000000000e",
	0,
	'',
	"00000000-0000-0000-0000-000000000000",
	'');
INSERT INTO ACT_BRB
	VALUES ("de309280-1072-4706-8888-30249ef8b6fb",
	"d01a1a6b-dea3-49c8-b9ff-b5628bf7e795");
INSERT INTO ACT_ACT
	VALUES ("de309280-1072-4706-8888-30249ef8b6fb",
	'bridge',
	0,
	"e90c45ce-d6eb-45c2-8fc6-9561fb4aceef",
	"00000000-0000-0000-0000-000000000000",
	0,
	'Time::get_month',
	"00000000-0000-0000-0000-000000000000");
INSERT INTO ACT_BLK
	VALUES ("e90c45ce-d6eb-45c2-8fc6-9561fb4aceef",
	0,
	0,
	0,
	'',
	'',
	'',
	0,
	0,
	0,
	0,
	0,
	0,
	0,
	0,
	0,
	0,
	0,
	0,
	0,
	"de309280-1072-4706-8888-30249ef8b6fb",
	"00000000-0000-0000-0000-000000000000");
INSERT INTO S_BRG
	VALUES ("727a24b6-fa79-486e-a8af-7d3e88d923a6",
	"f343b7f1-727d-4f63-a50f-6bc6f8fe2ea1",
	'get_year',
	'',
	1,
	"ba5eda7a-def5-0000-0000-000000000002",
	'',
	1,
	'',
	0);
INSERT INTO S_BPARM
	VALUES ("1ca08b3c-c539-453f-90c7-77a75c144a57",
	"727a24b6-fa79-486e-a8af-7d3e88d923a6",
	'date',
	"ba5eda7a-def5-0000-0000-00000000000e",
	0,
	'',
	"00000000-0000-0000-0000-000000000000",
	'');
INSERT INTO ACT_BRB
	VALUES ("96c6afff-73ec-47e7-9104-849c6234ff6a",
	"727a24b6-fa79-486e-a8af-7d3e88d923a6");
INSERT INTO ACT_ACT
	VALUES ("96c6afff-73ec-47e7-9104-849c6234ff6a",
	'bridge',
	0,
	"90a4d6b3-30d6-49f1-b0e7-40895ae940b4",
	"00000000-0000-0000-0000-000000000000",
	0,
	'Time::get_year',
	"00000000-0000-0000-0000-000000000000");
INSERT INTO ACT_BLK
	VALUES ("90a4d6b3-30d6-49f1-b0e7-40895ae940b4",
	0,
	0,
	0,
	'',
	'',
	'',
	0,
	0,
	0,
	0,
	0,
	0,
	0,
	0,
	0,
	0,
	0,
	0,
	0,
	"96c6afff-73ec-47e7-9104-849c6234ff6a",
	"00000000-0000-0000-0000-000000000000");
INSERT INTO S_BRG
	VALUES ("4cc5fca1-cd5c-4048-a86b-1829647c8a48",
	"f343b7f1-727d-4f63-a50f-6bc6f8fe2ea1",
	'current_clock',
	'',
	1,
	"ba5eda7a-def5-0000-0000-000000000010",
	'',
	1,
	'',
	0);
INSERT INTO ACT_BRB
	VALUES ("632352c2-d705-446d-b9a4-491ef3b20e56",
	"4cc5fca1-cd5c-4048-a86b-1829647c8a48");
INSERT INTO ACT_ACT
	VALUES ("632352c2-d705-446d-b9a4-491ef3b20e56",
	'bridge',
	0,
	"9b81fb36-62e8-4292-bc5c-4529cacb00e2",
	"00000000-0000-0000-0000-000000000000",
	0,
	'Time::current_clock',
	"00000000-0000-0000-0000-000000000000");
INSERT INTO ACT_BLK
	VALUES ("9b81fb36-62e8-4292-bc5c-4529cacb00e2",
	0,
	0,
	0,
	'',
	'',
	'',
	0,
	0,
	0,
	0,
	0,
	0,
	0,
	0,
	0,
	0,
	0,
	0,
	0,
	"632352c2-d705-446d-b9a4-491ef3b20e56",
	"00000000-0000-0000-0000-000000000000");
INSERT INTO S_BRG
	VALUES ("18a2de57-8001-4629-9433-a53f8e5ab7a2",
	"f343b7f1-727d-4f63-a50f-6bc6f8fe2ea1",
	'timer_start',
	'',
	1,
	"ba5eda7a-def5-0000-0000-00000000000f",
	'',
	1,
	'',
	0);
INSERT INTO S_BPARM
	VALUES ("6fd37cae-520c-46b4-9e06-30d731814534",
	"18a2de57-8001-4629-9433-a53f8e5ab7a2",
	'microseconds',
	"ba5eda7a-def5-0000-0000-000000000002",
	0,
	'',
	"69233a72-75a2-4ce9-ba18-2c83a18e2c3d",
	'');
INSERT INTO S_BPARM
	VALUES ("69233a72-75a2-4ce9-ba18-2c83a18e2c3d",
	"18a2de57-8001-4629-9433-a53f8e5ab7a2",
	'event_inst',
	"ba5eda7a-def5-0000-0000-00000000000a",
	0,
	'',
	"00000000-0000-0000-0000-000000000000",
	'');
INSERT INTO ACT_BRB
	VALUES ("2b261673-9531-45fb-85d4-a1c515fffa72",
	"18a2de57-8001-4629-9433-a53f8e5ab7a2");
INSERT INTO ACT_ACT
	VALUES ("2b261673-9531-45fb-85d4-a1c515fffa72",
	'bridge',
	0,
	"98dbd0b5-e0d7-46e9-8677-cd78b27e2f8a",
	"00000000-0000-0000-0000-000000000000",
	0,
	'Time::timer_start',
	"00000000-0000-0000-0000-000000000000");
INSERT INTO ACT_BLK
	VALUES ("98dbd0b5-e0d7-46e9-8677-cd78b27e2f8a",
	0,
	0,
	0,
	'',
	'',
	'',
	0,
	0,
	0,
	0,
	0,
	0,
	0,
	0,
	0,
	0,
	0,
	0,
	0,
	"2b261673-9531-45fb-85d4-a1c515fffa72",
	"00000000-0000-0000-0000-000000000000");
INSERT INTO S_BRG
	VALUES ("667e1ce4-cf71-4eed-a1bd-96481786c72d",
	"f343b7f1-727d-4f63-a50f-6bc6f8fe2ea1",
	'timer_start_recurring',
	'',
	1,
	"ba5eda7a-def5-0000-0000-00000000000f",
	'',
	1,
	'',
	0);
INSERT INTO S_BPARM
	VALUES ("3ef8153b-7b86-4d26-a312-83e1382a183b",
	"667e1ce4-cf71-4eed-a1bd-96481786c72d",
	'microseconds',
	"ba5eda7a-def5-0000-0000-000000000002",
	0,
	'',
	"f19a3bbf-8ceb-4f6b-a9fd-69ba479d6ef0",
	'');
INSERT INTO S_BPARM
	VALUES ("f19a3bbf-8ceb-4f6b-a9fd-69ba479d6ef0",
	"667e1ce4-cf71-4eed-a1bd-96481786c72d",
	'event_inst',
	"ba5eda7a-def5-0000-0000-00000000000a",
	0,
	'',
	"00000000-0000-0000-0000-000000000000",
	'');
INSERT INTO ACT_BRB
	VALUES ("42ab0492-b222-464b-a4cd-e83cf807c065",
	"667e1ce4-cf71-4eed-a1bd-96481786c72d");
INSERT INTO ACT_ACT
	VALUES ("42ab0492-b222-464b-a4cd-e83cf807c065",
	'bridge',
	0,
	"5b23ec51-8fb2-4244-a774-8a312f331b63",
	"00000000-0000-0000-0000-000000000000",
	0,
	'Time::timer_start_recurring',
	"00000000-0000-0000-0000-000000000000");
INSERT INTO ACT_BLK
	VALUES ("5b23ec51-8fb2-4244-a774-8a312f331b63",
	0,
	0,
	0,
	'',
	'',
	'',
	0,
	0,
	0,
	0,
	0,
	0,
	0,
	0,
	0,
	0,
	0,
	0,
	0,
	"42ab0492-b222-464b-a4cd-e83cf807c065",
	"00000000-0000-0000-0000-000000000000");
INSERT INTO S_BRG
	VALUES ("2cd176ca-0632-4409-9a0b-f9b129f37cc5",
	"f343b7f1-727d-4f63-a50f-6bc6f8fe2ea1",
	'timer_remaining_time',
	'',
	1,
	"ba5eda7a-def5-0000-0000-000000000002",
	'',
	1,
	'',
	0);
INSERT INTO S_BPARM
	VALUES ("21588b13-0487-49c4-a246-5e662641c8ca",
	"2cd176ca-0632-4409-9a0b-f9b129f37cc5",
	'timer_inst_ref',
	"ba5eda7a-def5-0000-0000-00000000000f",
	0,
	'',
	"00000000-0000-0000-0000-000000000000",
	'');
INSERT INTO ACT_BRB
	VALUES ("52b20aa1-1acf-483c-b8b6-fd2662d37080",
	"2cd176ca-0632-4409-9a0b-f9b129f37cc5");
INSERT INTO ACT_ACT
	VALUES ("52b20aa1-1acf-483c-b8b6-fd2662d37080",
	'bridge',
	0,
	"4e2887a1-0b72-4ef9-a440-7dd18d1b4724",
	"00000000-0000-0000-0000-000000000000",
	0,
	'Time::timer_remaining_time',
	"00000000-0000-0000-0000-000000000000");
INSERT INTO ACT_BLK
	VALUES ("4e2887a1-0b72-4ef9-a440-7dd18d1b4724",
	0,
	0,
	0,
	'',
	'',
	'',
	0,
	0,
	0,
	0,
	0,
	0,
	0,
	0,
	0,
	0,
	0,
	0,
	0,
	"52b20aa1-1acf-483c-b8b6-fd2662d37080",
	"00000000-0000-0000-0000-000000000000");
INSERT INTO S_BRG
	VALUES ("4d81dacc-4179-4a8c-b266-ecc3d5aef7ca",
	"f343b7f1-727d-4f63-a50f-6bc6f8fe2ea1",
	'timer_reset_time',
	'',
	1,
	"ba5eda7a-def5-0000-0000-000000000001",
	'',
	1,
	'',
	0);
INSERT INTO S_BPARM
	VALUES ("946a5627-484d-41f9-ae98-8d88bd209f09",
	"4d81dacc-4179-4a8c-b266-ecc3d5aef7ca",
	'timer_inst_ref',
	"ba5eda7a-def5-0000-0000-00000000000f",
	0,
	'',
	"f7814791-420b-4218-9e33-3ee25a92355e",
	'');
INSERT INTO S_BPARM
	VALUES ("f7814791-420b-4218-9e33-3ee25a92355e",
	"4d81dacc-4179-4a8c-b266-ecc3d5aef7ca",
	'microseconds',
	"ba5eda7a-def5-0000-0000-000000000002",
	0,
	'',
	"00000000-0000-0000-0000-000000000000",
	'');
INSERT INTO ACT_BRB
	VALUES ("79ae0c79-428d-4b59-a89f-39fc56ec682e",
	"4d81dacc-4179-4a8c-b266-ecc3d5aef7ca");
INSERT INTO ACT_ACT
	VALUES ("79ae0c79-428d-4b59-a89f-39fc56ec682e",
	'bridge',
	0,
	"c2cfab9a-b944-4b2f-8145-33dbde76eef2",
	"00000000-0000-0000-0000-000000000000",
	0,
	'Time::timer_reset_time',
	"00000000-0000-0000-0000-000000000000");
INSERT INTO ACT_BLK
	VALUES ("c2cfab9a-b944-4b2f-8145-33dbde76eef2",
	0,
	0,
	0,
	'',
	'',
	'',
	0,
	0,
	0,
	0,
	0,
	0,
	0,
	0,
	0,
	0,
	0,
	0,
	0,
	"79ae0c79-428d-4b59-a89f-39fc56ec682e",
	"00000000-0000-0000-0000-000000000000");
INSERT INTO S_BRG
	VALUES ("10ed3e15-b1c8-49c3-93cc-c803199bc41d",
	"f343b7f1-727d-4f63-a50f-6bc6f8fe2ea1",
	'timer_add_time',
	'',
	1,
	"ba5eda7a-def5-0000-0000-000000000001",
	'',
	1,
	'',
	0);
INSERT INTO S_BPARM
	VALUES ("0df11b33-c70f-4518-ba23-473bc6a42ef9",
	"10ed3e15-b1c8-49c3-93cc-c803199bc41d",
	'timer_inst_ref',
	"ba5eda7a-def5-0000-0000-00000000000f",
	0,
	'',
	"a6f6973a-7393-4598-bfd2-4832f5747af5",
	'');
INSERT INTO S_BPARM
	VALUES ("a6f6973a-7393-4598-bfd2-4832f5747af5",
	"10ed3e15-b1c8-49c3-93cc-c803199bc41d",
	'microseconds',
	"ba5eda7a-def5-0000-0000-000000000002",
	0,
	'',
	"00000000-0000-0000-0000-000000000000",
	'');
INSERT INTO ACT_BRB
	VALUES ("e8e974a6-babb-47b8-84f1-7336a391c152",
	"10ed3e15-b1c8-49c3-93cc-c803199bc41d");
INSERT INTO ACT_ACT
	VALUES ("e8e974a6-babb-47b8-84f1-7336a391c152",
	'bridge',
	0,
	"5d2d39e3-bdf4-488f-94ae-aaffc9947247",
	"00000000-0000-0000-0000-000000000000",
	0,
	'Time::timer_add_time',
	"00000000-0000-0000-0000-000000000000");
INSERT INTO ACT_BLK
	VALUES ("5d2d39e3-bdf4-488f-94ae-aaffc9947247",
	0,
	0,
	0,
	'',
	'',
	'',
	0,
	0,
	0,
	0,
	0,
	0,
	0,
	0,
	0,
	0,
	0,
	0,
	0,
	"e8e974a6-babb-47b8-84f1-7336a391c152",
	"00000000-0000-0000-0000-000000000000");
INSERT INTO S_BRG
	VALUES ("f3b44ac3-2799-462e-9364-5c83dacc468f",
	"f343b7f1-727d-4f63-a50f-6bc6f8fe2ea1",
	'timer_cancel',
	'',
	1,
	"ba5eda7a-def5-0000-0000-000000000001",
	'',
	1,
	'',
	0);
INSERT INTO S_BPARM
	VALUES ("c569e774-2981-4dfa-bd0c-b7c4b54252bc",
	"f3b44ac3-2799-462e-9364-5c83dacc468f",
	'timer_inst_ref',
	"ba5eda7a-def5-0000-0000-00000000000f",
	0,
	'',
	"00000000-0000-0000-0000-000000000000",
	'');
INSERT INTO ACT_BRB
	VALUES ("4823f3a4-5743-45f1-9ca5-b2e4a76ca77b",
	"f3b44ac3-2799-462e-9364-5c83dacc468f");
INSERT INTO ACT_ACT
	VALUES ("4823f3a4-5743-45f1-9ca5-b2e4a76ca77b",
	'bridge',
	0,
	"8e534d8a-759a-46ef-981f-922f11183301",
	"00000000-0000-0000-0000-000000000000",
	0,
	'Time::timer_cancel',
	"00000000-0000-0000-0000-000000000000");
INSERT INTO ACT_BLK
	VALUES ("8e534d8a-759a-46ef-981f-922f11183301",
	0,
	0,
	0,
	'',
	'',
	'',
	0,
	0,
	0,
	0,
	0,
	0,
	0,
	0,
	0,
	0,
	0,
	0,
	0,
	"4823f3a4-5743-45f1-9ca5-b2e4a76ca77b",
	"00000000-0000-0000-0000-000000000000");
INSERT INTO PE_PE
	VALUES ("558285fc-5c0e-4015-9d0e-477a537d2f44",
	1,
	"f3be1b23-cefa-4a72-8845-109261838238",
	"00000000-0000-0000-0000-000000000000",
	5);
INSERT INTO S_EE
	VALUES ("558285fc-5c0e-4015-9d0e-477a537d2f44",
	'Zumo',
	'',
	'Zumo',
	"00000000-0000-0000-0000-000000000000",
	'',
	'Zumo',
	1);
INSERT INTO S_BRG
	VALUES ("3d1f62ca-27ce-4cb1-8323-06b61bb7c15d",
	"558285fc-5c0e-4015-9d0e-477a537d2f44",
	'driveTank',
	'',
	0,
	"ba5eda7a-def5-0000-0000-000000000000",
	'',
	1,
	'',
	0);
INSERT INTO S_BPARM
	VALUES ("91118930-82f7-480c-9048-1dc49ad89e7b",
	"3d1f62ca-27ce-4cb1-8323-06b61bb7c15d",
	'left',
	"ba5eda7a-def5-0000-0000-000000000002",
	0,
	'',
	"00000000-0000-0000-0000-000000000000",
	'');
INSERT INTO S_BPARM
	VALUES ("81f9ea70-9c38-4b6f-978a-29efaa441714",
	"3d1f62ca-27ce-4cb1-8323-06b61bb7c15d",
	'right',
	"ba5eda7a-def5-0000-0000-000000000002",
	0,
	'',
	"91118930-82f7-480c-9048-1dc49ad89e7b",
	'');
INSERT INTO ACT_BRB
	VALUES ("2e5db1f1-29b1-48fa-b346-eebd01e69ef2",
	"3d1f62ca-27ce-4cb1-8323-06b61bb7c15d");
INSERT INTO ACT_ACT
	VALUES ("2e5db1f1-29b1-48fa-b346-eebd01e69ef2",
	'bridge',
	0,
	"c356e29c-8f47-4d9f-bda9-0e7b6bc890c1",
	"00000000-0000-0000-0000-000000000000",
	0,
	'Zumo::driveTank',
	"00000000-0000-0000-0000-000000000000");
INSERT INTO ACT_BLK
	VALUES ("c356e29c-8f47-4d9f-bda9-0e7b6bc890c1",
	0,
	0,
	0,
	'',
	'',
	'',
	0,
	0,
	0,
	0,
	0,
	0,
	0,
	0,
	0,
	0,
	0,
	0,
	0,
	"2e5db1f1-29b1-48fa-b346-eebd01e69ef2",
	"00000000-0000-0000-0000-000000000000");
INSERT INTO PE_PE
	VALUES ("c382e126-4b89-43b5-a4bf-833c4849d894",
	1,
	"f3be1b23-cefa-4a72-8845-109261838238",
	"00000000-0000-0000-0000-000000000000",
	5);
INSERT INTO S_EE
	VALUES ("c382e126-4b89-43b5-a4bf-833c4849d894",
	'Logging',
	'',
	'LOG',
	"00000000-0000-0000-0000-000000000000",
	'',
	'Logging',
	1);
INSERT INTO S_BRG
	VALUES ("1528d1fb-3c89-464b-908e-a9be068f6569",
	"c382e126-4b89-43b5-a4bf-833c4849d894",
	'LogSuccess',
	'',
	0,
	"ba5eda7a-def5-0000-0000-000000000000",
	'',
	1,
	'',
	0);
INSERT INTO S_BPARM
	VALUES ("5ef92c1f-d0b3-4f97-a69e-7cc1c06a994e",
	"1528d1fb-3c89-464b-908e-a9be068f6569",
	'message',
	"ba5eda7a-def5-0000-0000-000000000004",
	0,
	'',
	"00000000-0000-0000-0000-000000000000",
	'');
INSERT INTO ACT_BRB
	VALUES ("a6718b6a-c8dd-4667-9b69-4b99e0f944b9",
	"1528d1fb-3c89-464b-908e-a9be068f6569");
INSERT INTO ACT_ACT
	VALUES ("a6718b6a-c8dd-4667-9b69-4b99e0f944b9",
	'bridge',
	0,
	"cc95ef2c-9a56-4a53-af62-a98fc5203654",
	"00000000-0000-0000-0000-000000000000",
	0,
	'Logging::LogSuccess',
	"00000000-0000-0000-0000-000000000000");
INSERT INTO ACT_BLK
	VALUES ("cc95ef2c-9a56-4a53-af62-a98fc5203654",
	0,
	0,
	0,
	'',
	'',
	'',
	0,
	0,
	0,
	0,
	0,
	0,
	0,
	0,
	0,
	0,
	0,
	0,
	0,
	"a6718b6a-c8dd-4667-9b69-4b99e0f944b9",
	"00000000-0000-0000-0000-000000000000");
INSERT INTO S_BRG
	VALUES ("31d95cd6-50c4-445b-b1f6-8233174e03b3",
	"c382e126-4b89-43b5-a4bf-833c4849d894",
	'LogFailure',
	'',
	0,
	"ba5eda7a-def5-0000-0000-000000000000",
	'',
	1,
	'',
	0);
INSERT INTO S_BPARM
	VALUES ("c55dc7a5-75db-412b-9cc3-dc8edbe82678",
	"31d95cd6-50c4-445b-b1f6-8233174e03b3",
	'message',
	"ba5eda7a-def5-0000-0000-000000000004",
	0,
	'',
	"00000000-0000-0000-0000-000000000000",
	'');
INSERT INTO ACT_BRB
	VALUES ("853ef31d-7c42-4b94-b9a5-15f3e0e6d3f7",
	"31d95cd6-50c4-445b-b1f6-8233174e03b3");
INSERT INTO ACT_ACT
	VALUES ("853ef31d-7c42-4b94-b9a5-15f3e0e6d3f7",
	'bridge',
	0,
	"0cbe2552-d650-4321-b191-0217b8b03268",
	"00000000-0000-0000-0000-000000000000",
	0,
	'Logging::LogFailure',
	"00000000-0000-0000-0000-000000000000");
INSERT INTO ACT_BLK
	VALUES ("0cbe2552-d650-4321-b191-0217b8b03268",
	0,
	0,
	0,
	'',
	'',
	'',
	0,
	0,
	0,
	0,
	0,
	0,
	0,
	0,
	0,
	0,
	0,
	0,
	0,
	"853ef31d-7c42-4b94-b9a5-15f3e0e6d3f7",
	"00000000-0000-0000-0000-000000000000");
INSERT INTO S_BRG
	VALUES ("d5fa471c-5b25-421c-8ba6-a2cae5e35e71",
	"c382e126-4b89-43b5-a4bf-833c4849d894",
	'LogInfo',
	'',
	0,
	"ba5eda7a-def5-0000-0000-000000000000",
	'',
	1,
	'',
	0);
INSERT INTO S_BPARM
	VALUES ("dd1cfad8-b3c2-4260-9ffe-067cb8e49341",
	"d5fa471c-5b25-421c-8ba6-a2cae5e35e71",
	'message',
	"ba5eda7a-def5-0000-0000-000000000004",
	0,
	'',
	"00000000-0000-0000-0000-000000000000",
	'');
INSERT INTO ACT_BRB
	VALUES ("f719f934-5370-482b-829e-af28033e61e1",
	"d5fa471c-5b25-421c-8ba6-a2cae5e35e71");
INSERT INTO ACT_ACT
	VALUES ("f719f934-5370-482b-829e-af28033e61e1",
	'bridge',
	0,
	"10efeaf9-bb0b-41fd-9983-f28012b1047e",
	"00000000-0000-0000-0000-000000000000",
	0,
	'Logging::LogInfo',
	"00000000-0000-0000-0000-000000000000");
INSERT INTO ACT_BLK
	VALUES ("10efeaf9-bb0b-41fd-9983-f28012b1047e",
	0,
	0,
	0,
	'',
	'',
	'',
	0,
	0,
	0,
	0,
	0,
	0,
	0,
	0,
	0,
	0,
	0,
	0,
	0,
	"f719f934-5370-482b-829e-af28033e61e1",
	"00000000-0000-0000-0000-000000000000");
INSERT INTO S_BRG
	VALUES ("ec88e21a-f9c3-4f67-810c-4bec7d0154c8",
	"c382e126-4b89-43b5-a4bf-833c4849d894",
	'LogDate',
	'',
	0,
	"ba5eda7a-def5-0000-0000-000000000000",
	'',
	1,
	'',
	0);
INSERT INTO S_BPARM
	VALUES ("c4144879-70c7-456d-bdf5-495e9e872c7a",
	"ec88e21a-f9c3-4f67-810c-4bec7d0154c8",
	'd',
	"ba5eda7a-def5-0000-0000-00000000000e",
	0,
	'',
	"00000000-0000-0000-0000-000000000000",
	'');
INSERT INTO S_BPARM
	VALUES ("c63cf79e-6ce4-4c1e-9960-5975f7c55272",
	"ec88e21a-f9c3-4f67-810c-4bec7d0154c8",
	'message',
	"ba5eda7a-def5-0000-0000-000000000004",
	0,
	'',
	"c4144879-70c7-456d-bdf5-495e9e872c7a",
	'');
INSERT INTO ACT_BRB
	VALUES ("7665dd03-2133-41b0-8083-caa0b0251b91",
	"ec88e21a-f9c3-4f67-810c-4bec7d0154c8");
INSERT INTO ACT_ACT
	VALUES ("7665dd03-2133-41b0-8083-caa0b0251b91",
	'bridge',
	0,
	"fb386c6f-0433-4fd8-bc9d-85167ad0681e",
	"00000000-0000-0000-0000-000000000000",
	0,
	'Logging::LogDate',
	"00000000-0000-0000-0000-000000000000");
INSERT INTO ACT_BLK
	VALUES ("fb386c6f-0433-4fd8-bc9d-85167ad0681e",
	0,
	0,
	0,
	'',
	'',
	'',
	0,
	0,
	0,
	0,
	0,
	0,
	0,
	0,
	0,
	0,
	0,
	0,
	0,
	"7665dd03-2133-41b0-8083-caa0b0251b91",
	"00000000-0000-0000-0000-000000000000");
INSERT INTO S_BRG
	VALUES ("75ab9a0d-fdbf-4177-a7a6-967215b6ee9c",
	"c382e126-4b89-43b5-a4bf-833c4849d894",
	'LogTime',
	'',
	0,
	"ba5eda7a-def5-0000-0000-000000000000",
	'',
	1,
	'',
	0);
INSERT INTO S_BPARM
	VALUES ("53d76d3d-1636-4f9e-aeaa-1eef6c1dbae8",
	"75ab9a0d-fdbf-4177-a7a6-967215b6ee9c",
	't',
	"ba5eda7a-def5-0000-0000-000000000010",
	0,
	'',
	"b27d74b2-1f88-48a7-a127-a0813f283942",
	'');
INSERT INTO S_BPARM
	VALUES ("b27d74b2-1f88-48a7-a127-a0813f283942",
	"75ab9a0d-fdbf-4177-a7a6-967215b6ee9c",
	'message',
	"ba5eda7a-def5-0000-0000-000000000004",
	0,
	'',
	"00000000-0000-0000-0000-000000000000",
	'');
INSERT INTO ACT_BRB
	VALUES ("5799009c-4212-49f4-b9cf-a471c098f5e7",
	"75ab9a0d-fdbf-4177-a7a6-967215b6ee9c");
INSERT INTO ACT_ACT
	VALUES ("5799009c-4212-49f4-b9cf-a471c098f5e7",
	'bridge',
	0,
	"23e0b112-e2d2-486c-b2d2-711f3be6629a",
	"00000000-0000-0000-0000-000000000000",
	0,
	'Logging::LogTime',
	"00000000-0000-0000-0000-000000000000");
INSERT INTO ACT_BLK
	VALUES ("23e0b112-e2d2-486c-b2d2-711f3be6629a",
	0,
	0,
	0,
	'',
	'',
	'',
	0,
	0,
	0,
	0,
	0,
	0,
	0,
	0,
	0,
	0,
	0,
	0,
	0,
	"5799009c-4212-49f4-b9cf-a471c098f5e7",
	"00000000-0000-0000-0000-000000000000");
INSERT INTO S_BRG
	VALUES ("d3210c39-9d4f-499d-81a7-b5652ef35227",
	"c382e126-4b89-43b5-a4bf-833c4849d894",
	'LogReal',
	'',
	0,
	"ba5eda7a-def5-0000-0000-000000000000",
	'',
	1,
	'',
	0);
INSERT INTO S_BPARM
	VALUES ("b5b56be6-d498-4dfb-a4d5-44cc1502484d",
	"d3210c39-9d4f-499d-81a7-b5652ef35227",
	'r',
	"ba5eda7a-def5-0000-0000-000000000003",
	0,
	'',
	"18737b45-36e3-4e1b-a063-97fb8ff40237",
	'');
INSERT INTO S_BPARM
	VALUES ("18737b45-36e3-4e1b-a063-97fb8ff40237",
	"d3210c39-9d4f-499d-81a7-b5652ef35227",
	'message',
	"ba5eda7a-def5-0000-0000-000000000004",
	0,
	'',
	"00000000-0000-0000-0000-000000000000",
	'');
INSERT INTO ACT_BRB
	VALUES ("f0237017-ad59-4ee2-9627-6c2022bf32bf",
	"d3210c39-9d4f-499d-81a7-b5652ef35227");
INSERT INTO ACT_ACT
	VALUES ("f0237017-ad59-4ee2-9627-6c2022bf32bf",
	'bridge',
	0,
	"c9873989-afd6-4f4a-a7c7-8bcae2358ef4",
	"00000000-0000-0000-0000-000000000000",
	0,
	'Logging::LogReal',
	"00000000-0000-0000-0000-000000000000");
INSERT INTO ACT_BLK
	VALUES ("c9873989-afd6-4f4a-a7c7-8bcae2358ef4",
	0,
	0,
	0,
	'',
	'',
	'',
	0,
	0,
	0,
	0,
	0,
	0,
	0,
	0,
	0,
	0,
	0,
	0,
	0,
	"f0237017-ad59-4ee2-9627-6c2022bf32bf",
	"00000000-0000-0000-0000-000000000000");
INSERT INTO S_BRG
	VALUES ("0384b96a-a4ad-4133-bb77-afc9ddcc4aae",
	"c382e126-4b89-43b5-a4bf-833c4849d894",
	'LogInteger',
	'',
	0,
	"ba5eda7a-def5-0000-0000-000000000000",
	'',
	1,
	'',
	0);
INSERT INTO S_BPARM
	VALUES ("4c58cc6c-6694-4f12-8d02-16d65907487b",
	"0384b96a-a4ad-4133-bb77-afc9ddcc4aae",
	'message',
	"ba5eda7a-def5-0000-0000-000000000002",
	0,
	'',
	"00000000-0000-0000-0000-000000000000",
	'');
INSERT INTO ACT_BRB
	VALUES ("e437dcf7-c281-47cc-b5d3-b2a95b449594",
	"0384b96a-a4ad-4133-bb77-afc9ddcc4aae");
INSERT INTO ACT_ACT
	VALUES ("e437dcf7-c281-47cc-b5d3-b2a95b449594",
	'bridge',
	0,
	"e150d201-8343-400d-8d71-725c4b302564",
	"00000000-0000-0000-0000-000000000000",
	0,
	'Logging::LogInteger',
	"00000000-0000-0000-0000-000000000000");
INSERT INTO ACT_BLK
	VALUES ("e150d201-8343-400d-8d71-725c4b302564",
	0,
	0,
	0,
	'',
	'',
	'',
	0,
	0,
	0,
	0,
	0,
	0,
	0,
	0,
	0,
	0,
	0,
	0,
	0,
	"e437dcf7-c281-47cc-b5d3-b2a95b449594",
	"00000000-0000-0000-0000-000000000000");
INSERT INTO EP_PKG
	VALUES ("194ff8eb-d4bf-416e-88b1-d46e298fe0c4",
	"18e54930-08c5-4e33-be2b-a9ecc8e9cb4d",
	"18e54930-08c5-4e33-be2b-a9ecc8e9cb4d",
	'LineTracer',
	'',
	0);
INSERT INTO PE_PE
	VALUES ("e039c722-a6f2-4fac-9811-74774e6f167a",
	1,
	"194ff8eb-d4bf-416e-88b1-d46e298fe0c4",
	"00000000-0000-0000-0000-000000000000",
	2);
INSERT INTO C_C
	VALUES ("e039c722-a6f2-4fac-9811-74774e6f167a",
	"00000000-0000-0000-0000-000000000000",
	"00000000-0000-0000-0000-000000000000",
	'LineTracer',
	'',
	0,
	"00000000-0000-0000-0000-000000000000",
	0,
	'');
INSERT INTO PE_PE
	VALUES ("b2e89503-acc2-4e89-97d1-a8ee79b6bbe9",
	1,
	"00000000-0000-0000-0000-000000000000",
	"e039c722-a6f2-4fac-9811-74774e6f167a",
	7);
INSERT INTO EP_PKG
	VALUES ("b2e89503-acc2-4e89-97d1-a8ee79b6bbe9",
	"00000000-0000-0000-0000-000000000000",
	"18e54930-08c5-4e33-be2b-a9ecc8e9cb4d",
	'functions',
	'',
	0);
INSERT INTO PE_PE
	VALUES ("9ccf3e50-d71c-49da-af1a-ba27a3759118",
	1,
	"b2e89503-acc2-4e89-97d1-a8ee79b6bbe9",
	"00000000-0000-0000-0000-000000000000",
	1);
INSERT INTO S_SYNC
	VALUES ("9ccf3e50-d71c-49da-af1a-ba27a3759118",
	"00000000-0000-0000-0000-000000000000",
	'setup',
	'',
	'create object instance lt of LineTracer;
//generate LineTracer1:''init'' to lt;
create object instance button of Button;
generate Button2:init() to button;

',
	"ba5eda7a-def5-0000-0000-000000000000",
	1,
	'',
	0);
INSERT INTO ACT_FNB
	VALUES ("c26a9938-87c2-455c-b7cc-ad4520f12510",
	"9ccf3e50-d71c-49da-af1a-ba27a3759118");
INSERT INTO ACT_ACT
	VALUES ("c26a9938-87c2-455c-b7cc-ad4520f12510",
	'function',
	0,
	"d596fb6f-1efe-443f-97e5-77686d5e6a13",
	"00000000-0000-0000-0000-000000000000",
	0,
	'setup',
	"00000000-0000-0000-0000-000000000000");
INSERT INTO ACT_BLK
	VALUES ("d596fb6f-1efe-443f-97e5-77686d5e6a13",
	0,
	0,
	0,
	'V_VAR.Var_ID',
	'',
	'',
	4,
	1,
	3,
	34,
	0,
	0,
	0,
	0,
	0,
	0,
	0,
	0,
	0,
	"c26a9938-87c2-455c-b7cc-ad4520f12510",
	"00000000-0000-0000-0000-000000000000");
INSERT INTO ACT_SMT
	VALUES ("944917cd-3363-480e-89c4-6dee6576f5d1",
	"d596fb6f-1efe-443f-97e5-77686d5e6a13",
	"03c4ddbd-7407-46eb-b12e-0781ec5f70e9",
	1,
	1,
	'setup line: 1');
INSERT INTO ACT_CR
	VALUES ("944917cd-3363-480e-89c4-6dee6576f5d1",
	"e374ee4f-0256-45d3-ad4e-be4ffcebcd7b",
	1,
	"214f56bf-5fb1-4da3-9975-25af1fde3787",
	1,
	30);
INSERT INTO ACT_SMT
	VALUES ("03c4ddbd-7407-46eb-b12e-0781ec5f70e9",
	"d596fb6f-1efe-443f-97e5-77686d5e6a13",
	"7e73a57a-67ba-41d6-aa1e-474865b78018",
	3,
	1,
	'setup line: 3');
INSERT INTO ACT_CR
	VALUES ("03c4ddbd-7407-46eb-b12e-0781ec5f70e9",
	"40abcba5-51b1-4dd0-aa7e-35d8fb87d5b4",
	1,
	"ad43da6e-cc97-4d42-a755-33e041242c3e",
	3,
	34);
INSERT INTO ACT_SMT
	VALUES ("7e73a57a-67ba-41d6-aa1e-474865b78018",
	"d596fb6f-1efe-443f-97e5-77686d5e6a13",
	"00000000-0000-0000-0000-000000000000",
	4,
	1,
	'setup line: 4');
INSERT INTO E_ESS
	VALUES ("7e73a57a-67ba-41d6-aa1e-474865b78018",
	1,
	0,
	4,
	10,
	4,
	18,
	3,
	34,
	0,
	0,
	0,
	0);
INSERT INTO E_GES
	VALUES ("7e73a57a-67ba-41d6-aa1e-474865b78018");
INSERT INTO E_GSME
	VALUES ("7e73a57a-67ba-41d6-aa1e-474865b78018",
	"8d0faadd-d001-4e7e-8a51-bff37699848b");
INSERT INTO E_GEN
	VALUES ("7e73a57a-67ba-41d6-aa1e-474865b78018",
	"40abcba5-51b1-4dd0-aa7e-35d8fb87d5b4");
INSERT INTO V_VAR
	VALUES ("e374ee4f-0256-45d3-ad4e-be4ffcebcd7b",
	"d596fb6f-1efe-443f-97e5-77686d5e6a13",
	'lt',
	1,
	"ba5eda7a-def5-0000-0000-000000000008");
INSERT INTO V_INT
	VALUES ("e374ee4f-0256-45d3-ad4e-be4ffcebcd7b",
	0,
	"214f56bf-5fb1-4da3-9975-25af1fde3787");
INSERT INTO V_VAR
	VALUES ("40abcba5-51b1-4dd0-aa7e-35d8fb87d5b4",
	"d596fb6f-1efe-443f-97e5-77686d5e6a13",
	'button',
	1,
	"ba5eda7a-def5-0000-0000-000000000008");
INSERT INTO V_INT
	VALUES ("40abcba5-51b1-4dd0-aa7e-35d8fb87d5b4",
	0,
	"ad43da6e-cc97-4d42-a755-33e041242c3e");
INSERT INTO PE_PE
	VALUES ("83a9af15-1d05-42ff-ae56-6f2d1be66689",
	1,
	"b2e89503-acc2-4e89-97d1-a8ee79b6bbe9",
	"00000000-0000-0000-0000-000000000000",
	1);
INSERT INTO S_SYNC
	VALUES ("83a9af15-1d05-42ff-ae56-6f2d1be66689",
	"00000000-0000-0000-0000-000000000000",
	'online',
	'',
	'select any lt from instances of LineTracer;
generate LineTracer2:''online'' to lt;
',
	"ba5eda7a-def5-0000-0000-000000000000",
	1,
	'',
	0);
INSERT INTO ACT_FNB
	VALUES ("43006f6b-be6c-44f9-8e75-87176bc78558",
	"83a9af15-1d05-42ff-ae56-6f2d1be66689");
INSERT INTO ACT_ACT
	VALUES ("43006f6b-be6c-44f9-8e75-87176bc78558",
	'function',
	0,
	"97946033-e294-4fbd-966b-7d9f430f3cb7",
	"00000000-0000-0000-0000-000000000000",
	0,
	'online',
	"00000000-0000-0000-0000-000000000000");
INSERT INTO ACT_BLK
	VALUES ("97946033-e294-4fbd-966b-7d9f430f3cb7",
	1,
	0,
	0,
	'V_VAR.Var_ID',
	'',
	'',
	2,
	1,
	1,
	33,
	0,
	0,
	0,
	0,
	0,
	0,
	0,
	0,
	0,
	"43006f6b-be6c-44f9-8e75-87176bc78558",
	"00000000-0000-0000-0000-000000000000");
INSERT INTO ACT_SMT
	VALUES ("5a19e6a5-a32d-493d-a5a5-d54a97a702d7",
	"97946033-e294-4fbd-966b-7d9f430f3cb7",
	"d8827ce9-2bcb-4330-aca7-e2b9fcc1a2b8",
	1,
	1,
	'online line: 1');
INSERT INTO ACT_FIO
	VALUES ("5a19e6a5-a32d-493d-a5a5-d54a97a702d7",
	"450edda1-1a09-44ce-b7fc-2a1ef21a6fe8",
	1,
	'any',
	"214f56bf-5fb1-4da3-9975-25af1fde3787",
	1,
	33);
INSERT INTO ACT_SMT
	VALUES ("d8827ce9-2bcb-4330-aca7-e2b9fcc1a2b8",
	"97946033-e294-4fbd-966b-7d9f430f3cb7",
	"00000000-0000-0000-0000-000000000000",
	2,
	1,
	'online line: 2');
INSERT INTO E_ESS
	VALUES ("d8827ce9-2bcb-4330-aca7-e2b9fcc1a2b8",
	1,
	0,
	2,
	10,
	2,
	22,
	1,
	33,
	0,
	0,
	0,
	0);
INSERT INTO E_GES
	VALUES ("d8827ce9-2bcb-4330-aca7-e2b9fcc1a2b8");
INSERT INTO E_GSME
	VALUES ("d8827ce9-2bcb-4330-aca7-e2b9fcc1a2b8",
	"9ab97142-a93f-4e1b-91a1-e5044db8fa57");
INSERT INTO E_GEN
	VALUES ("d8827ce9-2bcb-4330-aca7-e2b9fcc1a2b8",
	"450edda1-1a09-44ce-b7fc-2a1ef21a6fe8");
INSERT INTO V_VAR
	VALUES ("450edda1-1a09-44ce-b7fc-2a1ef21a6fe8",
	"97946033-e294-4fbd-966b-7d9f430f3cb7",
	'lt',
	1,
	"ba5eda7a-def5-0000-0000-000000000008");
INSERT INTO V_INT
	VALUES ("450edda1-1a09-44ce-b7fc-2a1ef21a6fe8",
	0,
	"214f56bf-5fb1-4da3-9975-25af1fde3787");
INSERT INTO PE_PE
	VALUES ("23b25b29-b937-4ad3-80fb-f31f3207834a",
	1,
	"b2e89503-acc2-4e89-97d1-a8ee79b6bbe9",
	"00000000-0000-0000-0000-000000000000",
	1);
INSERT INTO S_SYNC
	VALUES ("23b25b29-b937-4ad3-80fb-f31f3207834a",
	"00000000-0000-0000-0000-000000000000",
	'offline',
	'',
	'select any lt from instances of LineTracer;
generate LineTracer3:''offline'' to lt;
',
	"ba5eda7a-def5-0000-0000-000000000000",
	1,
	'',
	0);
INSERT INTO ACT_FNB
	VALUES ("d220a62e-d32d-4c89-b34d-a340d01ae709",
	"23b25b29-b937-4ad3-80fb-f31f3207834a");
INSERT INTO ACT_ACT
	VALUES ("d220a62e-d32d-4c89-b34d-a340d01ae709",
	'function',
	0,
	"f39b6da8-2052-4f04-9422-2c8a4acddbb7",
	"00000000-0000-0000-0000-000000000000",
	0,
	'offline',
	"00000000-0000-0000-0000-000000000000");
INSERT INTO ACT_BLK
	VALUES ("f39b6da8-2052-4f04-9422-2c8a4acddbb7",
	1,
	0,
	0,
	'V_VAR.Var_ID',
	'',
	'',
	2,
	1,
	1,
	33,
	0,
	0,
	0,
	0,
	0,
	0,
	0,
	0,
	0,
	"d220a62e-d32d-4c89-b34d-a340d01ae709",
	"00000000-0000-0000-0000-000000000000");
INSERT INTO ACT_SMT
	VALUES ("9384a059-280a-4427-a841-869ff8b802ff",
	"f39b6da8-2052-4f04-9422-2c8a4acddbb7",
	"81c0c2a9-1920-42ca-96a5-c1ff373aab1c",
	1,
	1,
	'offline line: 1');
INSERT INTO ACT_FIO
	VALUES ("9384a059-280a-4427-a841-869ff8b802ff",
	"c4c18a2d-4246-414c-9759-012560a9f81c",
	1,
	'any',
	"214f56bf-5fb1-4da3-9975-25af1fde3787",
	1,
	33);
INSERT INTO ACT_SMT
	VALUES ("81c0c2a9-1920-42ca-96a5-c1ff373aab1c",
	"f39b6da8-2052-4f04-9422-2c8a4acddbb7",
	"00000000-0000-0000-0000-000000000000",
	2,
	1,
	'offline line: 2');
INSERT INTO E_ESS
	VALUES ("81c0c2a9-1920-42ca-96a5-c1ff373aab1c",
	1,
	0,
	2,
	10,
	2,
	22,
	1,
	33,
	0,
	0,
	0,
	0);
INSERT INTO E_GES
	VALUES ("81c0c2a9-1920-42ca-96a5-c1ff373aab1c");
INSERT INTO E_GSME
	VALUES ("81c0c2a9-1920-42ca-96a5-c1ff373aab1c",
	"110d4c31-bff5-4464-8f7d-4bdaa9e9c506");
INSERT INTO E_GEN
	VALUES ("81c0c2a9-1920-42ca-96a5-c1ff373aab1c",
	"c4c18a2d-4246-414c-9759-012560a9f81c");
INSERT INTO V_VAR
	VALUES ("c4c18a2d-4246-414c-9759-012560a9f81c",
	"f39b6da8-2052-4f04-9422-2c8a4acddbb7",
	'lt',
	1,
	"ba5eda7a-def5-0000-0000-000000000008");
INSERT INTO V_INT
	VALUES ("c4c18a2d-4246-414c-9759-012560a9f81c",
	0,
	"214f56bf-5fb1-4da3-9975-25af1fde3787");
INSERT INTO PE_PE
	VALUES ("e4c9870b-d51e-4f22-87b5-6ac5ba03033b",
	1,
	"b2e89503-acc2-4e89-97d1-a8ee79b6bbe9",
	"00000000-0000-0000-0000-000000000000",
	1);
INSERT INTO S_SYNC
	VALUES ("e4c9870b-d51e-4f22-87b5-6ac5ba03033b",
	"00000000-0000-0000-0000-000000000000",
	'bumper',
	'',
	'select any lt from instances of LineTracer;
generate LineTracer4:''bumper'' to lt;
',
	"ba5eda7a-def5-0000-0000-000000000000",
	1,
	'',
	0);
INSERT INTO ACT_FNB
	VALUES ("dd2cefcc-d5fd-4437-b617-2a81cedd29a6",
	"e4c9870b-d51e-4f22-87b5-6ac5ba03033b");
INSERT INTO ACT_ACT
	VALUES ("dd2cefcc-d5fd-4437-b617-2a81cedd29a6",
	'function',
	0,
	"62070fcc-5445-4bca-9f68-a7916c0135ee",
	"00000000-0000-0000-0000-000000000000",
	0,
	'bumper',
	"00000000-0000-0000-0000-000000000000");
INSERT INTO ACT_BLK
	VALUES ("62070fcc-5445-4bca-9f68-a7916c0135ee",
	1,
	0,
	0,
	'V_VAR.Var_ID',
	'',
	'',
	2,
	1,
	1,
	33,
	0,
	0,
	0,
	0,
	0,
	0,
	0,
	0,
	0,
	"dd2cefcc-d5fd-4437-b617-2a81cedd29a6",
	"00000000-0000-0000-0000-000000000000");
INSERT INTO ACT_SMT
	VALUES ("ce38d485-da06-4ff5-9eec-1a031bf3aadc",
	"62070fcc-5445-4bca-9f68-a7916c0135ee",
	"0471b755-247a-4e53-864a-390bead7efb6",
	1,
	1,
	'bumper line: 1');
INSERT INTO ACT_FIO
	VALUES ("ce38d485-da06-4ff5-9eec-1a031bf3aadc",
	"da292019-8efe-4a96-bed7-6f51d7735092",
	1,
	'any',
	"214f56bf-5fb1-4da3-9975-25af1fde3787",
	1,
	33);
INSERT INTO ACT_SMT
	VALUES ("0471b755-247a-4e53-864a-390bead7efb6",
	"62070fcc-5445-4bca-9f68-a7916c0135ee",
	"00000000-0000-0000-0000-000000000000",
	2,
	1,
	'bumper line: 2');
INSERT INTO E_ESS
	VALUES ("0471b755-247a-4e53-864a-390bead7efb6",
	1,
	0,
	2,
	10,
	2,
	22,
	1,
	33,
	0,
	0,
	0,
	0);
INSERT INTO E_GES
	VALUES ("0471b755-247a-4e53-864a-390bead7efb6");
INSERT INTO E_GSME
	VALUES ("0471b755-247a-4e53-864a-390bead7efb6",
	"4dd720f8-ea9f-46a1-b49e-3e71c34ee328");
INSERT INTO E_GEN
	VALUES ("0471b755-247a-4e53-864a-390bead7efb6",
	"da292019-8efe-4a96-bed7-6f51d7735092");
INSERT INTO V_VAR
	VALUES ("da292019-8efe-4a96-bed7-6f51d7735092",
	"62070fcc-5445-4bca-9f68-a7916c0135ee",
	'lt',
	1,
	"ba5eda7a-def5-0000-0000-000000000008");
INSERT INTO V_INT
	VALUES ("da292019-8efe-4a96-bed7-6f51d7735092",
	0,
	"214f56bf-5fb1-4da3-9975-25af1fde3787");
INSERT INTO PE_PE
	VALUES ("17c5a4ea-2a93-4537-a180-72c6064c070e",
	1,
	"b2e89503-acc2-4e89-97d1-a8ee79b6bbe9",
	"00000000-0000-0000-0000-000000000000",
	1);
INSERT INTO S_SYNC
	VALUES ("17c5a4ea-2a93-4537-a180-72c6064c070e",
	"00000000-0000-0000-0000-000000000000",
	'pushed',
	'',
	'select any lt from instances of LineTracer;
generate LineTracer5:''pushed'' to lt;
',
	"ba5eda7a-def5-0000-0000-000000000000",
	1,
	'',
	0);
INSERT INTO ACT_FNB
	VALUES ("488f624a-fb4d-48fe-9bd1-ae01d6a2ba38",
	"17c5a4ea-2a93-4537-a180-72c6064c070e");
INSERT INTO ACT_ACT
	VALUES ("488f624a-fb4d-48fe-9bd1-ae01d6a2ba38",
	'function',
	0,
	"1ea724e6-1702-4c7b-8b00-0d2cb04d2808",
	"00000000-0000-0000-0000-000000000000",
	0,
	'pushed',
	"00000000-0000-0000-0000-000000000000");
INSERT INTO ACT_BLK
	VALUES ("1ea724e6-1702-4c7b-8b00-0d2cb04d2808",
	1,
	0,
	0,
	'V_VAR.Var_ID',
	'',
	'',
	2,
	1,
	1,
	33,
	0,
	0,
	0,
	0,
	0,
	0,
	0,
	0,
	0,
	"488f624a-fb4d-48fe-9bd1-ae01d6a2ba38",
	"00000000-0000-0000-0000-000000000000");
INSERT INTO ACT_SMT
	VALUES ("8fea868b-4313-40d8-8832-90c3182d3963",
	"1ea724e6-1702-4c7b-8b00-0d2cb04d2808",
	"cc408cb5-9f0f-4e61-a0ca-b9677189237d",
	1,
	1,
	'pushed line: 1');
INSERT INTO ACT_FIO
	VALUES ("8fea868b-4313-40d8-8832-90c3182d3963",
	"47a95414-1cfd-4465-bdab-2960d5c5fc6e",
	1,
	'any',
	"214f56bf-5fb1-4da3-9975-25af1fde3787",
	1,
	33);
INSERT INTO ACT_SMT
	VALUES ("cc408cb5-9f0f-4e61-a0ca-b9677189237d",
	"1ea724e6-1702-4c7b-8b00-0d2cb04d2808",
	"00000000-0000-0000-0000-000000000000",
	2,
	1,
	'pushed line: 2');
INSERT INTO E_ESS
	VALUES ("cc408cb5-9f0f-4e61-a0ca-b9677189237d",
	1,
	0,
	2,
	10,
	2,
	22,
	1,
	33,
	0,
	0,
	0,
	0);
INSERT INTO E_GES
	VALUES ("cc408cb5-9f0f-4e61-a0ca-b9677189237d");
INSERT INTO E_GSME
	VALUES ("cc408cb5-9f0f-4e61-a0ca-b9677189237d",
	"75c705b8-67b7-4f54-ba63-70cbb52a393c");
INSERT INTO E_GEN
	VALUES ("cc408cb5-9f0f-4e61-a0ca-b9677189237d",
	"47a95414-1cfd-4465-bdab-2960d5c5fc6e");
INSERT INTO V_VAR
	VALUES ("47a95414-1cfd-4465-bdab-2960d5c5fc6e",
	"1ea724e6-1702-4c7b-8b00-0d2cb04d2808",
	'lt',
	1,
	"ba5eda7a-def5-0000-0000-000000000008");
INSERT INTO V_INT
	VALUES ("47a95414-1cfd-4465-bdab-2960d5c5fc6e",
	0,
	"214f56bf-5fb1-4da3-9975-25af1fde3787");
INSERT INTO PE_PE
	VALUES ("f2cb82c3-b4f8-4c4b-9679-e9164fb996b6",
	1,
	"00000000-0000-0000-0000-000000000000",
	"e039c722-a6f2-4fac-9811-74774e6f167a",
	7);
INSERT INTO EP_PKG
	VALUES ("f2cb82c3-b4f8-4c4b-9679-e9164fb996b6",
	"00000000-0000-0000-0000-000000000000",
	"18e54930-08c5-4e33-be2b-a9ecc8e9cb4d",
	'models',
	'',
	0);
INSERT INTO PE_PE
	VALUES ("214f56bf-5fb1-4da3-9975-25af1fde3787",
	1,
	"f2cb82c3-b4f8-4c4b-9679-e9164fb996b6",
	"00000000-0000-0000-0000-000000000000",
	4);
INSERT INTO O_OBJ
	VALUES ("214f56bf-5fb1-4da3-9975-25af1fde3787",
	'LineTracer',
	1,
	'LineTracer',
	'',
	"00000000-0000-0000-0000-000000000000");
INSERT INTO O_TFR
	VALUES ("6f8302d4-db51-4bed-9f69-2634d84cbcd8",
	"214f56bf-5fb1-4da3-9975-25af1fde3787",
	'turn_right',
	'',
	"ba5eda7a-def5-0000-0000-000000000000",
	1,
	'Zumo::driveTank(left: 100, right: 0);
',
	1,
	'',
	"00000000-0000-0000-0000-000000000000",
	0);
INSERT INTO ACT_OPB
	VALUES ("63996d3e-a784-41e1-8911-6752f192399f",
	"6f8302d4-db51-4bed-9f69-2634d84cbcd8");
INSERT INTO ACT_ACT
	VALUES ("63996d3e-a784-41e1-8911-6752f192399f",
	'operation',
	0,
	"fc024d41-f867-46a3-82e1-2b97487c8fb1",
	"00000000-0000-0000-0000-000000000000",
	0,
	'LineTracer::turn_right',
	"00000000-0000-0000-0000-000000000000");
INSERT INTO ACT_BLK
	VALUES ("fc024d41-f867-46a3-82e1-2b97487c8fb1",
	0,
	0,
	0,
	'Zumo',
	'',
	'',
	1,
	1,
	1,
	1,
	0,
	0,
	0,
	0,
	0,
	0,
	0,
	0,
	0,
	"63996d3e-a784-41e1-8911-6752f192399f",
	"00000000-0000-0000-0000-000000000000");
INSERT INTO ACT_SMT
	VALUES ("f44dae91-5955-4b1f-beeb-23d4b78e7a70",
	"fc024d41-f867-46a3-82e1-2b97487c8fb1",
	"00000000-0000-0000-0000-000000000000",
	1,
	1,
	'LineTracer::turn_right line: 1');
INSERT INTO ACT_BRG
	VALUES ("f44dae91-5955-4b1f-beeb-23d4b78e7a70",
	"3d1f62ca-27ce-4cb1-8323-06b61bb7c15d",
	1,
	7,
	1,
	1);
INSERT INTO V_VAL
	VALUES ("2fa4ab3c-2838-433e-a077-53195421ca55",
	0,
	0,
	1,
	23,
	25,
	0,
	0,
	0,
	0,
	"ba5eda7a-def5-0000-0000-000000000002",
	"fc024d41-f867-46a3-82e1-2b97487c8fb1");
INSERT INTO V_LIN
	VALUES ("2fa4ab3c-2838-433e-a077-53195421ca55",
	'100');
INSERT INTO V_PAR
	VALUES ("2fa4ab3c-2838-433e-a077-53195421ca55",
	"f44dae91-5955-4b1f-beeb-23d4b78e7a70",
	"00000000-0000-0000-0000-000000000000",
	'left',
	"7d99e536-689a-4e5a-831a-683be56a6f34",
	1,
	17);
INSERT INTO V_VAL
	VALUES ("7d99e536-689a-4e5a-831a-683be56a6f34",
	0,
	0,
	1,
	35,
	35,
	0,
	0,
	0,
	0,
	"ba5eda7a-def5-0000-0000-000000000002",
	"fc024d41-f867-46a3-82e1-2b97487c8fb1");
INSERT INTO V_LIN
	VALUES ("7d99e536-689a-4e5a-831a-683be56a6f34",
	'0');
INSERT INTO V_PAR
	VALUES ("7d99e536-689a-4e5a-831a-683be56a6f34",
	"f44dae91-5955-4b1f-beeb-23d4b78e7a70",
	"00000000-0000-0000-0000-000000000000",
	'right',
	"00000000-0000-0000-0000-000000000000",
	1,
	28);
INSERT INTO O_TFR
	VALUES ("bc9fcf88-d11e-460a-9370-96b041b11d60",
	"214f56bf-5fb1-4da3-9975-25af1fde3787",
	'turn_left',
	'',
	"ba5eda7a-def5-0000-0000-000000000000",
	1,
	'Zumo::driveTank(left: 0, right: 100);
',
	1,
	'',
	"6f8302d4-db51-4bed-9f69-2634d84cbcd8",
	0);
INSERT INTO ACT_OPB
	VALUES ("87526d1c-0039-4c4e-8c52-74abb5d731d1",
	"bc9fcf88-d11e-460a-9370-96b041b11d60");
INSERT INTO ACT_ACT
	VALUES ("87526d1c-0039-4c4e-8c52-74abb5d731d1",
	'operation',
	0,
	"792a3bef-7bab-4429-be05-c0527b24fffb",
	"00000000-0000-0000-0000-000000000000",
	0,
	'LineTracer::turn_left',
	"00000000-0000-0000-0000-000000000000");
INSERT INTO ACT_BLK
	VALUES ("792a3bef-7bab-4429-be05-c0527b24fffb",
	0,
	0,
	0,
	'Zumo',
	'',
	'',
	1,
	1,
	1,
	1,
	0,
	0,
	0,
	0,
	0,
	0,
	0,
	0,
	0,
	"87526d1c-0039-4c4e-8c52-74abb5d731d1",
	"00000000-0000-0000-0000-000000000000");
INSERT INTO ACT_SMT
	VALUES ("07805239-e889-4482-8aa2-1e7190697023",
	"792a3bef-7bab-4429-be05-c0527b24fffb",
	"00000000-0000-0000-0000-000000000000",
	1,
	1,
	'LineTracer::turn_left line: 1');
INSERT INTO ACT_BRG
	VALUES ("07805239-e889-4482-8aa2-1e7190697023",
	"3d1f62ca-27ce-4cb1-8323-06b61bb7c15d",
	1,
	7,
	1,
	1);
INSERT INTO V_VAL
	VALUES ("0baf0c69-cb4b-4e03-9e83-cfe03bf5dfcc",
	0,
	0,
	1,
	23,
	23,
	0,
	0,
	0,
	0,
	"ba5eda7a-def5-0000-0000-000000000002",
	"792a3bef-7bab-4429-be05-c0527b24fffb");
INSERT INTO V_LIN
	VALUES ("0baf0c69-cb4b-4e03-9e83-cfe03bf5dfcc",
	'0');
INSERT INTO V_PAR
	VALUES ("0baf0c69-cb4b-4e03-9e83-cfe03bf5dfcc",
	"07805239-e889-4482-8aa2-1e7190697023",
	"00000000-0000-0000-0000-000000000000",
	'left',
	"bce8aed6-473d-4356-8259-87532f039743",
	1,
	17);
INSERT INTO V_VAL
	VALUES ("bce8aed6-473d-4356-8259-87532f039743",
	0,
	0,
	1,
	33,
	35,
	0,
	0,
	0,
	0,
	"ba5eda7a-def5-0000-0000-000000000002",
	"792a3bef-7bab-4429-be05-c0527b24fffb");
INSERT INTO V_LIN
	VALUES ("bce8aed6-473d-4356-8259-87532f039743",
	'100');
INSERT INTO V_PAR
	VALUES ("bce8aed6-473d-4356-8259-87532f039743",
	"07805239-e889-4482-8aa2-1e7190697023",
	"00000000-0000-0000-0000-000000000000",
	'right',
	"00000000-0000-0000-0000-000000000000",
	1,
	26);
INSERT INTO O_TFR
	VALUES ("3bc2154b-13e9-4695-906b-4d340925dde9",
	"214f56bf-5fb1-4da3-9975-25af1fde3787",
	'stop',
	'',
	"ba5eda7a-def5-0000-0000-000000000000",
	1,
	'Zumo::driveTank(left: 0, right: 0);
',
	1,
	'',
	"bc9fcf88-d11e-460a-9370-96b041b11d60",
	0);
INSERT INTO ACT_OPB
	VALUES ("0ff937c1-d901-459a-a520-806a5e1c9b48",
	"3bc2154b-13e9-4695-906b-4d340925dde9");
INSERT INTO ACT_ACT
	VALUES ("0ff937c1-d901-459a-a520-806a5e1c9b48",
	'operation',
	0,
	"f917a796-24a3-4003-8963-5a8fc7290c20",
	"00000000-0000-0000-0000-000000000000",
	0,
	'LineTracer::stop',
	"00000000-0000-0000-0000-000000000000");
INSERT INTO ACT_BLK
	VALUES ("f917a796-24a3-4003-8963-5a8fc7290c20",
	0,
	0,
	0,
	'Zumo',
	'',
	'',
	1,
	1,
	1,
	1,
	0,
	0,
	0,
	0,
	0,
	0,
	0,
	0,
	0,
	"0ff937c1-d901-459a-a520-806a5e1c9b48",
	"00000000-0000-0000-0000-000000000000");
INSERT INTO ACT_SMT
	VALUES ("4fedb548-400a-43de-8129-336aca0729fd",
	"f917a796-24a3-4003-8963-5a8fc7290c20",
	"00000000-0000-0000-0000-000000000000",
	1,
	1,
	'LineTracer::stop line: 1');
INSERT INTO ACT_BRG
	VALUES ("4fedb548-400a-43de-8129-336aca0729fd",
	"3d1f62ca-27ce-4cb1-8323-06b61bb7c15d",
	1,
	7,
	1,
	1);
INSERT INTO V_VAL
	VALUES ("c9ee0106-4187-471c-910e-5365126418cb",
	0,
	0,
	1,
	23,
	23,
	0,
	0,
	0,
	0,
	"ba5eda7a-def5-0000-0000-000000000002",
	"f917a796-24a3-4003-8963-5a8fc7290c20");
INSERT INTO V_LIN
	VALUES ("c9ee0106-4187-471c-910e-5365126418cb",
	'0');
INSERT INTO V_PAR
	VALUES ("c9ee0106-4187-471c-910e-5365126418cb",
	"4fedb548-400a-43de-8129-336aca0729fd",
	"00000000-0000-0000-0000-000000000000",
	'left',
	"c257776b-a318-4132-a80e-c38035fd4b2e",
	1,
	17);
INSERT INTO V_VAL
	VALUES ("c257776b-a318-4132-a80e-c38035fd4b2e",
	0,
	0,
	1,
	33,
	33,
	0,
	0,
	0,
	0,
	"ba5eda7a-def5-0000-0000-000000000002",
	"f917a796-24a3-4003-8963-5a8fc7290c20");
INSERT INTO V_LIN
	VALUES ("c257776b-a318-4132-a80e-c38035fd4b2e",
	'0');
INSERT INTO V_PAR
	VALUES ("c257776b-a318-4132-a80e-c38035fd4b2e",
	"4fedb548-400a-43de-8129-336aca0729fd",
	"00000000-0000-0000-0000-000000000000",
	'right',
	"00000000-0000-0000-0000-000000000000",
	1,
	26);
INSERT INTO O_NBATTR
	VALUES ("56fe2cb8-4f68-4cdf-8cce-27faba4e5d14",
	"214f56bf-5fb1-4da3-9975-25af1fde3787");
INSERT INTO O_BATTR
	VALUES ("56fe2cb8-4f68-4cdf-8cce-27faba4e5d14",
	"214f56bf-5fb1-4da3-9975-25af1fde3787");
INSERT INTO O_ATTR
	VALUES ("56fe2cb8-4f68-4cdf-8cce-27faba4e5d14",
	"214f56bf-5fb1-4da3-9975-25af1fde3787",
	"00000000-0000-0000-0000-000000000000",
	'current_state',
	'',
	'',
	'current_state',
	0,
	"ba5eda7a-def5-0000-0000-000000000006",
	'',
	'');
INSERT INTO O_ID
	VALUES (0,
	"214f56bf-5fb1-4da3-9975-25af1fde3787");
INSERT INTO O_ID
	VALUES (1,
	"214f56bf-5fb1-4da3-9975-25af1fde3787");
INSERT INTO O_ID
	VALUES (2,
	"214f56bf-5fb1-4da3-9975-25af1fde3787");
INSERT INTO SM_ISM
	VALUES ("e1ae1b1c-700b-4e98-88a0-ea426b7a5bc0",
	"214f56bf-5fb1-4da3-9975-25af1fde3787");
INSERT INTO SM_SM
	VALUES ("e1ae1b1c-700b-4e98-88a0-ea426b7a5bc0",
	'',
	0);
INSERT INTO SM_MOORE
	VALUES ("e1ae1b1c-700b-4e98-88a0-ea426b7a5bc0");
INSERT INTO SM_LEVT
	VALUES ("7a29b4e9-4644-47b0-998f-c8ba011fce8e",
	"e1ae1b1c-700b-4e98-88a0-ea426b7a5bc0",
	"00000000-0000-0000-0000-000000000000");
INSERT INTO SM_SEVT
	VALUES ("7a29b4e9-4644-47b0-998f-c8ba011fce8e",
	"e1ae1b1c-700b-4e98-88a0-ea426b7a5bc0",
	"00000000-0000-0000-0000-000000000000");
INSERT INTO SM_EVT
	VALUES ("7a29b4e9-4644-47b0-998f-c8ba011fce8e",
	"e1ae1b1c-700b-4e98-88a0-ea426b7a5bc0",
	"00000000-0000-0000-0000-000000000000",
	1,
	'init',
	0,
	'',
	'LineTracer1',
	'');
INSERT INTO SM_LEVT
	VALUES ("9ab97142-a93f-4e1b-91a1-e5044db8fa57",
	"e1ae1b1c-700b-4e98-88a0-ea426b7a5bc0",
	"00000000-0000-0000-0000-000000000000");
INSERT INTO SM_SEVT
	VALUES ("9ab97142-a93f-4e1b-91a1-e5044db8fa57",
	"e1ae1b1c-700b-4e98-88a0-ea426b7a5bc0",
	"00000000-0000-0000-0000-000000000000");
INSERT INTO SM_EVT
	VALUES ("9ab97142-a93f-4e1b-91a1-e5044db8fa57",
	"e1ae1b1c-700b-4e98-88a0-ea426b7a5bc0",
	"00000000-0000-0000-0000-000000000000",
	2,
	'online',
	0,
	'',
	'LineTracer2',
	'');
INSERT INTO SM_LEVT
	VALUES ("110d4c31-bff5-4464-8f7d-4bdaa9e9c506",
	"e1ae1b1c-700b-4e98-88a0-ea426b7a5bc0",
	"00000000-0000-0000-0000-000000000000");
INSERT INTO SM_SEVT
	VALUES ("110d4c31-bff5-4464-8f7d-4bdaa9e9c506",
	"e1ae1b1c-700b-4e98-88a0-ea426b7a5bc0",
	"00000000-0000-0000-0000-000000000000");
INSERT INTO SM_EVT
	VALUES ("110d4c31-bff5-4464-8f7d-4bdaa9e9c506",
	"e1ae1b1c-700b-4e98-88a0-ea426b7a5bc0",
	"00000000-0000-0000-0000-000000000000",
	3,
	'offline',
	0,
	'',
	'LineTracer3',
	'');
INSERT INTO SM_LEVT
	VALUES ("4dd720f8-ea9f-46a1-b49e-3e71c34ee328",
	"e1ae1b1c-700b-4e98-88a0-ea426b7a5bc0",
	"00000000-0000-0000-0000-000000000000");
INSERT INTO SM_SEVT
	VALUES ("4dd720f8-ea9f-46a1-b49e-3e71c34ee328",
	"e1ae1b1c-700b-4e98-88a0-ea426b7a5bc0",
	"00000000-0000-0000-0000-000000000000");
INSERT INTO SM_EVT
	VALUES ("4dd720f8-ea9f-46a1-b49e-3e71c34ee328",
	"e1ae1b1c-700b-4e98-88a0-ea426b7a5bc0",
	"00000000-0000-0000-0000-000000000000",
	4,
	'bumper',
	0,
	'',
	'LineTracer4',
	'');
INSERT INTO SM_LEVT
	VALUES ("75c705b8-67b7-4f54-ba63-70cbb52a393c",
	"e1ae1b1c-700b-4e98-88a0-ea426b7a5bc0",
	"00000000-0000-0000-0000-000000000000");
INSERT INTO SM_SEVT
	VALUES ("75c705b8-67b7-4f54-ba63-70cbb52a393c",
	"e1ae1b1c-700b-4e98-88a0-ea426b7a5bc0",
	"00000000-0000-0000-0000-000000000000");
INSERT INTO SM_EVT
	VALUES ("75c705b8-67b7-4f54-ba63-70cbb52a393c",
	"e1ae1b1c-700b-4e98-88a0-ea426b7a5bc0",
	"00000000-0000-0000-0000-000000000000",
	5,
	'pushed',
	0,
	'',
	'LineTracer5',
	'');
INSERT INTO SM_STATE
	VALUES ("524ec03a-240a-4a9c-95f0-e524dfd33c16",
	"e1ae1b1c-700b-4e98-88a0-ea426b7a5bc0",
	"00000000-0000-0000-0000-000000000000",
	'init',
	1,
	0);
INSERT INTO SM_SEME
	VALUES ("524ec03a-240a-4a9c-95f0-e524dfd33c16",
	"7a29b4e9-4644-47b0-998f-c8ba011fce8e",
	"e1ae1b1c-700b-4e98-88a0-ea426b7a5bc0",
	"00000000-0000-0000-0000-000000000000");
INSERT INTO SM_CH
	VALUES ("524ec03a-240a-4a9c-95f0-e524dfd33c16",
	"9ab97142-a93f-4e1b-91a1-e5044db8fa57",
	"e1ae1b1c-700b-4e98-88a0-ea426b7a5bc0",
	"00000000-0000-0000-0000-000000000000",
	'');
INSERT INTO SM_SEME
	VALUES ("524ec03a-240a-4a9c-95f0-e524dfd33c16",
	"9ab97142-a93f-4e1b-91a1-e5044db8fa57",
	"e1ae1b1c-700b-4e98-88a0-ea426b7a5bc0",
	"00000000-0000-0000-0000-000000000000");
INSERT INTO SM_CH
	VALUES ("524ec03a-240a-4a9c-95f0-e524dfd33c16",
	"110d4c31-bff5-4464-8f7d-4bdaa9e9c506",
	"e1ae1b1c-700b-4e98-88a0-ea426b7a5bc0",
	"00000000-0000-0000-0000-000000000000",
	'');
INSERT INTO SM_SEME
	VALUES ("524ec03a-240a-4a9c-95f0-e524dfd33c16",
	"110d4c31-bff5-4464-8f7d-4bdaa9e9c506",
	"e1ae1b1c-700b-4e98-88a0-ea426b7a5bc0",
	"00000000-0000-0000-0000-000000000000");
INSERT INTO SM_CH
	VALUES ("524ec03a-240a-4a9c-95f0-e524dfd33c16",
	"4dd720f8-ea9f-46a1-b49e-3e71c34ee328",
	"e1ae1b1c-700b-4e98-88a0-ea426b7a5bc0",
	"00000000-0000-0000-0000-000000000000",
	'');
INSERT INTO SM_SEME
	VALUES ("524ec03a-240a-4a9c-95f0-e524dfd33c16",
	"4dd720f8-ea9f-46a1-b49e-3e71c34ee328",
	"e1ae1b1c-700b-4e98-88a0-ea426b7a5bc0",
	"00000000-0000-0000-0000-000000000000");
INSERT INTO SM_SEME
	VALUES ("524ec03a-240a-4a9c-95f0-e524dfd33c16",
	"75c705b8-67b7-4f54-ba63-70cbb52a393c",
	"e1ae1b1c-700b-4e98-88a0-ea426b7a5bc0",
	"00000000-0000-0000-0000-000000000000");
INSERT INTO SM_MOAH
	VALUES ("475116ed-444e-4483-bdbf-0e92e8808c08",
	"e1ae1b1c-700b-4e98-88a0-ea426b7a5bc0",
	"524ec03a-240a-4a9c-95f0-e524dfd33c16");
INSERT INTO SM_AH
	VALUES ("475116ed-444e-4483-bdbf-0e92e8808c08",
	"e1ae1b1c-700b-4e98-88a0-ea426b7a5bc0");
INSERT INTO SM_ACT
	VALUES ("475116ed-444e-4483-bdbf-0e92e8808c08",
	"e1ae1b1c-700b-4e98-88a0-ea426b7a5bc0",
	1,
	'self.stop();
',
	'',
	0);
INSERT INTO ACT_SAB
	VALUES ("e4dbb743-1ab0-4f61-96b7-c214e8785fa4",
	"e1ae1b1c-700b-4e98-88a0-ea426b7a5bc0",
	"475116ed-444e-4483-bdbf-0e92e8808c08");
INSERT INTO ACT_ACT
	VALUES ("e4dbb743-1ab0-4f61-96b7-c214e8785fa4",
	'state',
	0,
	"720f52fb-e250-42e7-af9e-fa5e82d3ea10",
	"00000000-0000-0000-0000-000000000000",
	0,
	'LineTracer::init',
	"00000000-0000-0000-0000-000000000000");
INSERT INTO ACT_BLK
	VALUES ("720f52fb-e250-42e7-af9e-fa5e82d3ea10",
	0,
	0,
	0,
	'',
	'',
	'',
	1,
	1,
	0,
	0,
	0,
	0,
	0,
	0,
	0,
	0,
	0,
	0,
	0,
	"e4dbb743-1ab0-4f61-96b7-c214e8785fa4",
	"00000000-0000-0000-0000-000000000000");
INSERT INTO ACT_SMT
	VALUES ("266b1015-3458-483a-8099-054954602789",
	"720f52fb-e250-42e7-af9e-fa5e82d3ea10",
	"00000000-0000-0000-0000-000000000000",
	1,
	1,
	'LineTracer::init line: 1');
INSERT INTO ACT_TFM
	VALUES ("266b1015-3458-483a-8099-054954602789",
	"3bc2154b-13e9-4695-906b-4d340925dde9",
	"747e45d8-9437-4b31-8676-7b9d19b70f6d",
	1,
	6,
	0,
	0);
INSERT INTO V_VAR
	VALUES ("747e45d8-9437-4b31-8676-7b9d19b70f6d",
	"720f52fb-e250-42e7-af9e-fa5e82d3ea10",
	'self',
	1,
	"ba5eda7a-def5-0000-0000-000000000008");
INSERT INTO V_INT
	VALUES ("747e45d8-9437-4b31-8676-7b9d19b70f6d",
	0,
	"214f56bf-5fb1-4da3-9975-25af1fde3787");
INSERT INTO SM_STATE
	VALUES ("c1a370c6-9041-4f3e-b8ce-91b59557d039",
	"e1ae1b1c-700b-4e98-88a0-ea426b7a5bc0",
	"00000000-0000-0000-0000-000000000000",
	'online',
	2,
	0);
INSERT INTO SM_CH
	VALUES ("c1a370c6-9041-4f3e-b8ce-91b59557d039",
	"7a29b4e9-4644-47b0-998f-c8ba011fce8e",
	"e1ae1b1c-700b-4e98-88a0-ea426b7a5bc0",
	"00000000-0000-0000-0000-000000000000",
	'');
INSERT INTO SM_SEME
	VALUES ("c1a370c6-9041-4f3e-b8ce-91b59557d039",
	"7a29b4e9-4644-47b0-998f-c8ba011fce8e",
	"e1ae1b1c-700b-4e98-88a0-ea426b7a5bc0",
	"00000000-0000-0000-0000-000000000000");
INSERT INTO SM_CH
	VALUES ("c1a370c6-9041-4f3e-b8ce-91b59557d039",
	"9ab97142-a93f-4e1b-91a1-e5044db8fa57",
	"e1ae1b1c-700b-4e98-88a0-ea426b7a5bc0",
	"00000000-0000-0000-0000-000000000000",
	'');
INSERT INTO SM_SEME
	VALUES ("c1a370c6-9041-4f3e-b8ce-91b59557d039",
	"9ab97142-a93f-4e1b-91a1-e5044db8fa57",
	"e1ae1b1c-700b-4e98-88a0-ea426b7a5bc0",
	"00000000-0000-0000-0000-000000000000");
INSERT INTO SM_SEME
	VALUES ("c1a370c6-9041-4f3e-b8ce-91b59557d039",
	"110d4c31-bff5-4464-8f7d-4bdaa9e9c506",
	"e1ae1b1c-700b-4e98-88a0-ea426b7a5bc0",
	"00000000-0000-0000-0000-000000000000");
INSERT INTO SM_SEME
	VALUES ("c1a370c6-9041-4f3e-b8ce-91b59557d039",
	"4dd720f8-ea9f-46a1-b49e-3e71c34ee328",
	"e1ae1b1c-700b-4e98-88a0-ea426b7a5bc0",
	"00000000-0000-0000-0000-000000000000");
INSERT INTO SM_CH
	VALUES ("c1a370c6-9041-4f3e-b8ce-91b59557d039",
	"75c705b8-67b7-4f54-ba63-70cbb52a393c",
	"e1ae1b1c-700b-4e98-88a0-ea426b7a5bc0",
	"00000000-0000-0000-0000-000000000000",
	'');
INSERT INTO SM_SEME
	VALUES ("c1a370c6-9041-4f3e-b8ce-91b59557d039",
	"75c705b8-67b7-4f54-ba63-70cbb52a393c",
	"e1ae1b1c-700b-4e98-88a0-ea426b7a5bc0",
	"00000000-0000-0000-0000-000000000000");
INSERT INTO SM_MOAH
	VALUES ("e788e324-d943-4916-9452-88edbfa288dc",
	"e1ae1b1c-700b-4e98-88a0-ea426b7a5bc0",
	"c1a370c6-9041-4f3e-b8ce-91b59557d039");
INSERT INTO SM_AH
	VALUES ("e788e324-d943-4916-9452-88edbfa288dc",
	"e1ae1b1c-700b-4e98-88a0-ea426b7a5bc0");
INSERT INTO SM_ACT
	VALUES ("e788e324-d943-4916-9452-88edbfa288dc",
	"e1ae1b1c-700b-4e98-88a0-ea426b7a5bc0",
	1,
	'self.turn_left();',
	'',
	0);
INSERT INTO ACT_SAB
	VALUES ("74e37e41-538c-460d-9b06-d5b31a1f6e21",
	"e1ae1b1c-700b-4e98-88a0-ea426b7a5bc0",
	"e788e324-d943-4916-9452-88edbfa288dc");
INSERT INTO ACT_ACT
	VALUES ("74e37e41-538c-460d-9b06-d5b31a1f6e21",
	'state',
	0,
	"3704b1a2-7153-49b6-b645-18ea91750a58",
	"00000000-0000-0000-0000-000000000000",
	0,
	'LineTracer::online',
	"00000000-0000-0000-0000-000000000000");
INSERT INTO ACT_BLK
	VALUES ("3704b1a2-7153-49b6-b645-18ea91750a58",
	0,
	0,
	0,
	'',
	'',
	'',
	1,
	1,
	0,
	0,
	0,
	0,
	0,
	0,
	0,
	0,
	0,
	0,
	0,
	"74e37e41-538c-460d-9b06-d5b31a1f6e21",
	"00000000-0000-0000-0000-000000000000");
INSERT INTO ACT_SMT
	VALUES ("edca1338-70bb-4199-9184-01a60ffe1128",
	"3704b1a2-7153-49b6-b645-18ea91750a58",
	"00000000-0000-0000-0000-000000000000",
	1,
	1,
	'LineTracer::online line: 1');
INSERT INTO ACT_TFM
	VALUES ("edca1338-70bb-4199-9184-01a60ffe1128",
	"bc9fcf88-d11e-460a-9370-96b041b11d60",
	"875f06f5-f59a-4bb3-a013-cf851d99370d",
	1,
	6,
	0,
	0);
INSERT INTO V_VAR
	VALUES ("875f06f5-f59a-4bb3-a013-cf851d99370d",
	"3704b1a2-7153-49b6-b645-18ea91750a58",
	'self',
	1,
	"ba5eda7a-def5-0000-0000-000000000008");
INSERT INTO V_INT
	VALUES ("875f06f5-f59a-4bb3-a013-cf851d99370d",
	0,
	"214f56bf-5fb1-4da3-9975-25af1fde3787");
INSERT INTO SM_STATE
	VALUES ("4a049d85-7ab1-430d-aabe-68f0dcfb642a",
	"e1ae1b1c-700b-4e98-88a0-ea426b7a5bc0",
	"00000000-0000-0000-0000-000000000000",
	'offline',
	3,
	0);
INSERT INTO SM_CH
	VALUES ("4a049d85-7ab1-430d-aabe-68f0dcfb642a",
	"7a29b4e9-4644-47b0-998f-c8ba011fce8e",
	"e1ae1b1c-700b-4e98-88a0-ea426b7a5bc0",
	"00000000-0000-0000-0000-000000000000",
	'');
INSERT INTO SM_SEME
	VALUES ("4a049d85-7ab1-430d-aabe-68f0dcfb642a",
	"7a29b4e9-4644-47b0-998f-c8ba011fce8e",
	"e1ae1b1c-700b-4e98-88a0-ea426b7a5bc0",
	"00000000-0000-0000-0000-000000000000");
INSERT INTO SM_SEME
	VALUES ("4a049d85-7ab1-430d-aabe-68f0dcfb642a",
	"9ab97142-a93f-4e1b-91a1-e5044db8fa57",
	"e1ae1b1c-700b-4e98-88a0-ea426b7a5bc0",
	"00000000-0000-0000-0000-000000000000");
INSERT INTO SM_CH
	VALUES ("4a049d85-7ab1-430d-aabe-68f0dcfb642a",
	"110d4c31-bff5-4464-8f7d-4bdaa9e9c506",
	"e1ae1b1c-700b-4e98-88a0-ea426b7a5bc0",
	"00000000-0000-0000-0000-000000000000",
	'');
INSERT INTO SM_SEME
	VALUES ("4a049d85-7ab1-430d-aabe-68f0dcfb642a",
	"110d4c31-bff5-4464-8f7d-4bdaa9e9c506",
	"e1ae1b1c-700b-4e98-88a0-ea426b7a5bc0",
	"00000000-0000-0000-0000-000000000000");
INSERT INTO SM_SEME
	VALUES ("4a049d85-7ab1-430d-aabe-68f0dcfb642a",
	"4dd720f8-ea9f-46a1-b49e-3e71c34ee328",
	"e1ae1b1c-700b-4e98-88a0-ea426b7a5bc0",
	"00000000-0000-0000-0000-000000000000");
INSERT INTO SM_CH
	VALUES ("4a049d85-7ab1-430d-aabe-68f0dcfb642a",
	"75c705b8-67b7-4f54-ba63-70cbb52a393c",
	"e1ae1b1c-700b-4e98-88a0-ea426b7a5bc0",
	"00000000-0000-0000-0000-000000000000",
	'');
INSERT INTO SM_SEME
	VALUES ("4a049d85-7ab1-430d-aabe-68f0dcfb642a",
	"75c705b8-67b7-4f54-ba63-70cbb52a393c",
	"e1ae1b1c-700b-4e98-88a0-ea426b7a5bc0",
	"00000000-0000-0000-0000-000000000000");
INSERT INTO SM_MOAH
	VALUES ("53c3fbfe-34b0-4bbe-9852-cfe4d33609ba",
	"e1ae1b1c-700b-4e98-88a0-ea426b7a5bc0",
	"4a049d85-7ab1-430d-aabe-68f0dcfb642a");
INSERT INTO SM_AH
	VALUES ("53c3fbfe-34b0-4bbe-9852-cfe4d33609ba",
	"e1ae1b1c-700b-4e98-88a0-ea426b7a5bc0");
INSERT INTO SM_ACT
	VALUES ("53c3fbfe-34b0-4bbe-9852-cfe4d33609ba",
	"e1ae1b1c-700b-4e98-88a0-ea426b7a5bc0",
	1,
	'self.turn_right();',
	'',
	0);
INSERT INTO ACT_SAB
	VALUES ("4e7ccfe8-a8a3-41e4-a799-4319c70ef79e",
	"e1ae1b1c-700b-4e98-88a0-ea426b7a5bc0",
	"53c3fbfe-34b0-4bbe-9852-cfe4d33609ba");
INSERT INTO ACT_ACT
	VALUES ("4e7ccfe8-a8a3-41e4-a799-4319c70ef79e",
	'state',
	0,
	"e5adc967-c4a6-424d-a5c4-8575b8d1d165",
	"00000000-0000-0000-0000-000000000000",
	0,
	'LineTracer::offline',
	"00000000-0000-0000-0000-000000000000");
INSERT INTO ACT_BLK
	VALUES ("e5adc967-c4a6-424d-a5c4-8575b8d1d165",
	0,
	0,
	0,
	'',
	'',
	'',
	1,
	1,
	0,
	0,
	0,
	0,
	0,
	0,
	0,
	0,
	0,
	0,
	0,
	"4e7ccfe8-a8a3-41e4-a799-4319c70ef79e",
	"00000000-0000-0000-0000-000000000000");
INSERT INTO ACT_SMT
	VALUES ("5ebce4a6-dbae-4a43-bc6e-e018658d2e9f",
	"e5adc967-c4a6-424d-a5c4-8575b8d1d165",
	"00000000-0000-0000-0000-000000000000",
	1,
	1,
	'LineTracer::offline line: 1');
INSERT INTO ACT_TFM
	VALUES ("5ebce4a6-dbae-4a43-bc6e-e018658d2e9f",
	"6f8302d4-db51-4bed-9f69-2634d84cbcd8",
	"d11d97b9-d453-41ee-9eda-6a55d6273962",
	1,
	6,
	0,
	0);
INSERT INTO V_VAR
	VALUES ("d11d97b9-d453-41ee-9eda-6a55d6273962",
	"e5adc967-c4a6-424d-a5c4-8575b8d1d165",
	'self',
	1,
	"ba5eda7a-def5-0000-0000-000000000008");
INSERT INTO V_INT
	VALUES ("d11d97b9-d453-41ee-9eda-6a55d6273962",
	0,
	"214f56bf-5fb1-4da3-9975-25af1fde3787");
INSERT INTO SM_NSTXN
	VALUES ("fd77fd0b-fd09-40e3-a8f8-667636a14b9f",
	"e1ae1b1c-700b-4e98-88a0-ea426b7a5bc0",
	"524ec03a-240a-4a9c-95f0-e524dfd33c16",
	"7a29b4e9-4644-47b0-998f-c8ba011fce8e",
	"00000000-0000-0000-0000-000000000000");
INSERT INTO SM_TAH
	VALUES ("ce3f8277-3062-4084-ba21-7f670060bd48",
	"e1ae1b1c-700b-4e98-88a0-ea426b7a5bc0",
	"fd77fd0b-fd09-40e3-a8f8-667636a14b9f");
INSERT INTO SM_AH
	VALUES ("ce3f8277-3062-4084-ba21-7f670060bd48",
	"e1ae1b1c-700b-4e98-88a0-ea426b7a5bc0");
INSERT INTO SM_ACT
	VALUES ("ce3f8277-3062-4084-ba21-7f670060bd48",
	"e1ae1b1c-700b-4e98-88a0-ea426b7a5bc0",
	1,
	'',
	'',
	0);
INSERT INTO ACT_TAB
	VALUES ("ca8b7fb7-6971-4803-b5a3-f7e1e7b3c4c0",
	"e1ae1b1c-700b-4e98-88a0-ea426b7a5bc0",
	"ce3f8277-3062-4084-ba21-7f670060bd48");
INSERT INTO ACT_ACT
	VALUES ("ca8b7fb7-6971-4803-b5a3-f7e1e7b3c4c0",
	'transition',
	0,
	"9d692882-2976-4897-ad3f-2852b6d8bcd0",
	"00000000-0000-0000-0000-000000000000",
	0,
	'LineTracer1: init',
	"00000000-0000-0000-0000-000000000000");
INSERT INTO ACT_BLK
	VALUES ("9d692882-2976-4897-ad3f-2852b6d8bcd0",
	0,
	0,
	0,
	'',
	'',
	'',
	0,
	0,
	0,
	0,
	0,
	0,
	0,
	0,
	0,
	0,
	0,
	0,
	0,
	"ca8b7fb7-6971-4803-b5a3-f7e1e7b3c4c0",
	"00000000-0000-0000-0000-000000000000");
INSERT INTO SM_TXN
	VALUES ("fd77fd0b-fd09-40e3-a8f8-667636a14b9f",
	"e1ae1b1c-700b-4e98-88a0-ea426b7a5bc0",
	"524ec03a-240a-4a9c-95f0-e524dfd33c16",
	"00000000-0000-0000-0000-000000000000");
INSERT INTO SM_NSTXN
	VALUES ("6907141a-f3c4-4556-8489-e57533fffc70",
	"e1ae1b1c-700b-4e98-88a0-ea426b7a5bc0",
	"c1a370c6-9041-4f3e-b8ce-91b59557d039",
	"110d4c31-bff5-4464-8f7d-4bdaa9e9c506",
	"00000000-0000-0000-0000-000000000000");
INSERT INTO SM_TAH
	VALUES ("0b2aeac1-611d-4db7-b1f3-d2e8d3b3cc81",
	"e1ae1b1c-700b-4e98-88a0-ea426b7a5bc0",
	"6907141a-f3c4-4556-8489-e57533fffc70");
INSERT INTO SM_AH
	VALUES ("0b2aeac1-611d-4db7-b1f3-d2e8d3b3cc81",
	"e1ae1b1c-700b-4e98-88a0-ea426b7a5bc0");
INSERT INTO SM_ACT
	VALUES ("0b2aeac1-611d-4db7-b1f3-d2e8d3b3cc81",
	"e1ae1b1c-700b-4e98-88a0-ea426b7a5bc0",
	1,
	'',
	'',
	0);
INSERT INTO ACT_TAB
	VALUES ("335bd7a6-0bc2-4dd3-bea0-1a45d3748dbe",
	"e1ae1b1c-700b-4e98-88a0-ea426b7a5bc0",
	"0b2aeac1-611d-4db7-b1f3-d2e8d3b3cc81");
INSERT INTO ACT_ACT
	VALUES ("335bd7a6-0bc2-4dd3-bea0-1a45d3748dbe",
	'transition',
	0,
	"8b97e0d0-846b-46f7-88b8-d5fc380e47aa",
	"00000000-0000-0000-0000-000000000000",
	0,
	'LineTracer3: offline',
	"00000000-0000-0000-0000-000000000000");
INSERT INTO ACT_BLK
	VALUES ("8b97e0d0-846b-46f7-88b8-d5fc380e47aa",
	0,
	0,
	0,
	'',
	'',
	'',
	0,
	0,
	0,
	0,
	0,
	0,
	0,
	0,
	0,
	0,
	0,
	0,
	0,
	"335bd7a6-0bc2-4dd3-bea0-1a45d3748dbe",
	"00000000-0000-0000-0000-000000000000");
INSERT INTO SM_TXN
	VALUES ("6907141a-f3c4-4556-8489-e57533fffc70",
	"e1ae1b1c-700b-4e98-88a0-ea426b7a5bc0",
	"4a049d85-7ab1-430d-aabe-68f0dcfb642a",
	"00000000-0000-0000-0000-000000000000");
INSERT INTO SM_NSTXN
	VALUES ("85b97ffa-ab8b-4367-8be4-ad44de38bf36",
	"e1ae1b1c-700b-4e98-88a0-ea426b7a5bc0",
	"4a049d85-7ab1-430d-aabe-68f0dcfb642a",
	"9ab97142-a93f-4e1b-91a1-e5044db8fa57",
	"00000000-0000-0000-0000-000000000000");
INSERT INTO SM_TAH
	VALUES ("17b99d18-170a-4295-80e5-c85a379fde76",
	"e1ae1b1c-700b-4e98-88a0-ea426b7a5bc0",
	"85b97ffa-ab8b-4367-8be4-ad44de38bf36");
INSERT INTO SM_AH
	VALUES ("17b99d18-170a-4295-80e5-c85a379fde76",
	"e1ae1b1c-700b-4e98-88a0-ea426b7a5bc0");
INSERT INTO SM_ACT
	VALUES ("17b99d18-170a-4295-80e5-c85a379fde76",
	"e1ae1b1c-700b-4e98-88a0-ea426b7a5bc0",
	1,
	'',
	'',
	0);
INSERT INTO ACT_TAB
	VALUES ("93643bfb-0bc2-4977-91db-c1ec114157c8",
	"e1ae1b1c-700b-4e98-88a0-ea426b7a5bc0",
	"17b99d18-170a-4295-80e5-c85a379fde76");
INSERT INTO ACT_ACT
	VALUES ("93643bfb-0bc2-4977-91db-c1ec114157c8",
	'transition',
	0,
	"a6364cd6-b03c-481c-b3f7-1765b3190230",
	"00000000-0000-0000-0000-000000000000",
	0,
	'LineTracer2: online',
	"00000000-0000-0000-0000-000000000000");
INSERT INTO ACT_BLK
	VALUES ("a6364cd6-b03c-481c-b3f7-1765b3190230",
	0,
	0,
	0,
	'',
	'',
	'',
	0,
	0,
	0,
	0,
	0,
	0,
	0,
	0,
	0,
	0,
	0,
	0,
	0,
	"93643bfb-0bc2-4977-91db-c1ec114157c8",
	"00000000-0000-0000-0000-000000000000");
INSERT INTO SM_TXN
	VALUES ("85b97ffa-ab8b-4367-8be4-ad44de38bf36",
	"e1ae1b1c-700b-4e98-88a0-ea426b7a5bc0",
	"c1a370c6-9041-4f3e-b8ce-91b59557d039",
	"00000000-0000-0000-0000-000000000000");
INSERT INTO SM_NSTXN
	VALUES ("f1faf21b-5b26-45dc-bb94-8afc10a66b7a",
	"e1ae1b1c-700b-4e98-88a0-ea426b7a5bc0",
	"c1a370c6-9041-4f3e-b8ce-91b59557d039",
	"4dd720f8-ea9f-46a1-b49e-3e71c34ee328",
	"00000000-0000-0000-0000-000000000000");
INSERT INTO SM_TAH
	VALUES ("e448c86e-4a37-4462-9008-a6c5724e02a2",
	"e1ae1b1c-700b-4e98-88a0-ea426b7a5bc0",
	"f1faf21b-5b26-45dc-bb94-8afc10a66b7a");
INSERT INTO SM_AH
	VALUES ("e448c86e-4a37-4462-9008-a6c5724e02a2",
	"e1ae1b1c-700b-4e98-88a0-ea426b7a5bc0");
INSERT INTO SM_ACT
	VALUES ("e448c86e-4a37-4462-9008-a6c5724e02a2",
	"e1ae1b1c-700b-4e98-88a0-ea426b7a5bc0",
	1,
	'',
	'',
	0);
INSERT INTO ACT_TAB
	VALUES ("e6193bde-8211-4b61-9f1f-33c4168585e9",
	"e1ae1b1c-700b-4e98-88a0-ea426b7a5bc0",
	"e448c86e-4a37-4462-9008-a6c5724e02a2");
INSERT INTO ACT_ACT
	VALUES ("e6193bde-8211-4b61-9f1f-33c4168585e9",
	'transition',
	0,
	"a844033b-961c-4f82-b04f-d7490a48d8a1",
	"00000000-0000-0000-0000-000000000000",
	0,
	'LineTracer4: bumper',
	"00000000-0000-0000-0000-000000000000");
INSERT INTO ACT_BLK
	VALUES ("a844033b-961c-4f82-b04f-d7490a48d8a1",
	0,
	0,
	0,
	'',
	'',
	'',
	0,
	0,
	0,
	0,
	0,
	0,
	0,
	0,
	0,
	0,
	0,
	0,
	0,
	"e6193bde-8211-4b61-9f1f-33c4168585e9",
	"00000000-0000-0000-0000-000000000000");
INSERT INTO SM_TXN
	VALUES ("f1faf21b-5b26-45dc-bb94-8afc10a66b7a",
	"e1ae1b1c-700b-4e98-88a0-ea426b7a5bc0",
	"524ec03a-240a-4a9c-95f0-e524dfd33c16",
	"00000000-0000-0000-0000-000000000000");
INSERT INTO SM_NSTXN
	VALUES ("d651271b-1691-411b-b0aa-a777aaa02e17",
	"e1ae1b1c-700b-4e98-88a0-ea426b7a5bc0",
	"4a049d85-7ab1-430d-aabe-68f0dcfb642a",
	"4dd720f8-ea9f-46a1-b49e-3e71c34ee328",
	"00000000-0000-0000-0000-000000000000");
INSERT INTO SM_TAH
	VALUES ("69f499dc-fe50-4a5a-a747-985a038c92b0",
	"e1ae1b1c-700b-4e98-88a0-ea426b7a5bc0",
	"d651271b-1691-411b-b0aa-a777aaa02e17");
INSERT INTO SM_AH
	VALUES ("69f499dc-fe50-4a5a-a747-985a038c92b0",
	"e1ae1b1c-700b-4e98-88a0-ea426b7a5bc0");
INSERT INTO SM_ACT
	VALUES ("69f499dc-fe50-4a5a-a747-985a038c92b0",
	"e1ae1b1c-700b-4e98-88a0-ea426b7a5bc0",
	1,
	'',
	'',
	0);
INSERT INTO ACT_TAB
	VALUES ("5994d1df-5842-488c-9d43-0be552f99536",
	"e1ae1b1c-700b-4e98-88a0-ea426b7a5bc0",
	"69f499dc-fe50-4a5a-a747-985a038c92b0");
INSERT INTO ACT_ACT
	VALUES ("5994d1df-5842-488c-9d43-0be552f99536",
	'transition',
	0,
	"6be79697-170b-48e6-bf64-edd56b18f3da",
	"00000000-0000-0000-0000-000000000000",
	0,
	'LineTracer4: bumper',
	"00000000-0000-0000-0000-000000000000");
INSERT INTO ACT_BLK
	VALUES ("6be79697-170b-48e6-bf64-edd56b18f3da",
	0,
	0,
	0,
	'',
	'',
	'',
	0,
	0,
	0,
	0,
	0,
	0,
	0,
	0,
	0,
	0,
	0,
	0,
	0,
	"5994d1df-5842-488c-9d43-0be552f99536",
	"00000000-0000-0000-0000-000000000000");
INSERT INTO SM_TXN
	VALUES ("d651271b-1691-411b-b0aa-a777aaa02e17",
	"e1ae1b1c-700b-4e98-88a0-ea426b7a5bc0",
	"524ec03a-240a-4a9c-95f0-e524dfd33c16",
	"00000000-0000-0000-0000-000000000000");
INSERT INTO SM_NSTXN
	VALUES ("ffc73e44-7efa-4287-9b61-e59445966ada",
	"e1ae1b1c-700b-4e98-88a0-ea426b7a5bc0",
	"524ec03a-240a-4a9c-95f0-e524dfd33c16",
	"75c705b8-67b7-4f54-ba63-70cbb52a393c",
	"00000000-0000-0000-0000-000000000000");
INSERT INTO SM_TAH
	VALUES ("73c4e656-824e-452d-a271-d83987113e47",
	"e1ae1b1c-700b-4e98-88a0-ea426b7a5bc0",
	"ffc73e44-7efa-4287-9b61-e59445966ada");
INSERT INTO SM_AH
	VALUES ("73c4e656-824e-452d-a271-d83987113e47",
	"e1ae1b1c-700b-4e98-88a0-ea426b7a5bc0");
INSERT INTO SM_ACT
	VALUES ("73c4e656-824e-452d-a271-d83987113e47",
	"e1ae1b1c-700b-4e98-88a0-ea426b7a5bc0",
	1,
	'',
	'',
	0);
INSERT INTO ACT_TAB
	VALUES ("4be19ca6-da98-47b0-9e27-b9fc19c3d0c0",
	"e1ae1b1c-700b-4e98-88a0-ea426b7a5bc0",
	"73c4e656-824e-452d-a271-d83987113e47");
INSERT INTO ACT_ACT
	VALUES ("4be19ca6-da98-47b0-9e27-b9fc19c3d0c0",
	'transition',
	0,
	"fbae6180-3c8b-45d7-be28-2f3b97547298",
	"00000000-0000-0000-0000-000000000000",
	0,
	'LineTracer5: pushed',
	"00000000-0000-0000-0000-000000000000");
INSERT INTO ACT_BLK
	VALUES ("fbae6180-3c8b-45d7-be28-2f3b97547298",
	0,
	0,
	0,
	'',
	'',
	'',
	0,
	0,
	0,
	0,
	0,
	0,
	0,
	0,
	0,
	0,
	0,
	0,
	0,
	"4be19ca6-da98-47b0-9e27-b9fc19c3d0c0",
	"00000000-0000-0000-0000-000000000000");
INSERT INTO SM_TXN
	VALUES ("ffc73e44-7efa-4287-9b61-e59445966ada",
	"e1ae1b1c-700b-4e98-88a0-ea426b7a5bc0",
	"4a049d85-7ab1-430d-aabe-68f0dcfb642a",
	"00000000-0000-0000-0000-000000000000");
INSERT INTO PE_PE
	VALUES ("ad43da6e-cc97-4d42-a755-33e041242c3e",
	1,
	"f2cb82c3-b4f8-4c4b-9679-e9164fb996b6",
	"00000000-0000-0000-0000-000000000000",
	4);
INSERT INTO O_OBJ
	VALUES ("ad43da6e-cc97-4d42-a755-33e041242c3e",
	'Button',
	2,
	'Button',
	'',
	"00000000-0000-0000-0000-000000000000");
INSERT INTO O_NBATTR
	VALUES ("17a8af14-7600-4f9a-96c2-e7cb2b75a569",
	"ad43da6e-cc97-4d42-a755-33e041242c3e");
INSERT INTO O_BATTR
	VALUES ("17a8af14-7600-4f9a-96c2-e7cb2b75a569",
	"ad43da6e-cc97-4d42-a755-33e041242c3e");
INSERT INTO O_ATTR
	VALUES ("17a8af14-7600-4f9a-96c2-e7cb2b75a569",
	"ad43da6e-cc97-4d42-a755-33e041242c3e",
	"00000000-0000-0000-0000-000000000000",
	'current_state',
	'',
	'',
	'current_state',
	0,
	"ba5eda7a-def5-0000-0000-000000000006",
	'',
	'');
INSERT INTO O_ID
	VALUES (0,
	"ad43da6e-cc97-4d42-a755-33e041242c3e");
INSERT INTO O_ID
	VALUES (1,
	"ad43da6e-cc97-4d42-a755-33e041242c3e");
INSERT INTO O_ID
	VALUES (2,
	"ad43da6e-cc97-4d42-a755-33e041242c3e");
INSERT INTO SM_ISM
	VALUES ("9077372d-d9fd-4a87-8650-392461ab709a",
	"ad43da6e-cc97-4d42-a755-33e041242c3e");
INSERT INTO SM_SM
	VALUES ("9077372d-d9fd-4a87-8650-392461ab709a",
	'',
	0);
INSERT INTO SM_MOORE
	VALUES ("9077372d-d9fd-4a87-8650-392461ab709a");
INSERT INTO SM_LEVT
	VALUES ("bab3af32-f5ed-4ef1-94e6-ea27121b68fe",
	"9077372d-d9fd-4a87-8650-392461ab709a",
	"00000000-0000-0000-0000-000000000000");
INSERT INTO SM_SEVT
	VALUES ("bab3af32-f5ed-4ef1-94e6-ea27121b68fe",
	"9077372d-d9fd-4a87-8650-392461ab709a",
	"00000000-0000-0000-0000-000000000000");
INSERT INTO SM_EVT
	VALUES ("bab3af32-f5ed-4ef1-94e6-ea27121b68fe",
	"9077372d-d9fd-4a87-8650-392461ab709a",
	"00000000-0000-0000-0000-000000000000",
	1,
	'fire',
	0,
	'',
	'Button1',
	'');
INSERT INTO SM_LEVT
	VALUES ("8d0faadd-d001-4e7e-8a51-bff37699848b",
	"9077372d-d9fd-4a87-8650-392461ab709a",
	"00000000-0000-0000-0000-000000000000");
INSERT INTO SM_SEVT
	VALUES ("8d0faadd-d001-4e7e-8a51-bff37699848b",
	"9077372d-d9fd-4a87-8650-392461ab709a",
	"00000000-0000-0000-0000-000000000000");
INSERT INTO SM_EVT
	VALUES ("8d0faadd-d001-4e7e-8a51-bff37699848b",
	"9077372d-d9fd-4a87-8650-392461ab709a",
	"00000000-0000-0000-0000-000000000000",
	2,
	'init',
	0,
	'',
	'Button2',
	'');
INSERT INTO SM_STATE
	VALUES ("6ab71593-7eae-4d51-9f4e-a7c2d434b53e",
	"9077372d-d9fd-4a87-8650-392461ab709a",
	"00000000-0000-0000-0000-000000000000",
	'init',
	1,
	0);
INSERT INTO SM_SEME
	VALUES ("6ab71593-7eae-4d51-9f4e-a7c2d434b53e",
	"bab3af32-f5ed-4ef1-94e6-ea27121b68fe",
	"9077372d-d9fd-4a87-8650-392461ab709a",
	"00000000-0000-0000-0000-000000000000");
INSERT INTO SM_SEME
	VALUES ("6ab71593-7eae-4d51-9f4e-a7c2d434b53e",
	"8d0faadd-d001-4e7e-8a51-bff37699848b",
	"9077372d-d9fd-4a87-8650-392461ab709a",
	"00000000-0000-0000-0000-000000000000");
INSERT INTO SM_MOAH
	VALUES ("a616b7fd-b123-4a67-b37d-95797a95d43c",
	"9077372d-d9fd-4a87-8650-392461ab709a",
	"6ab71593-7eae-4d51-9f4e-a7c2d434b53e");
INSERT INTO SM_AH
	VALUES ("a616b7fd-b123-4a67-b37d-95797a95d43c",
	"9077372d-d9fd-4a87-8650-392461ab709a");
INSERT INTO SM_ACT
	VALUES ("a616b7fd-b123-4a67-b37d-95797a95d43c",
	"9077372d-d9fd-4a87-8650-392461ab709a",
	1,
	'create event instance ev of Button1:''fire'' to self;
timer = TIM::timer_start_recurring(microseconds: 10000000, event_inst: ev);
',
	'',
	0);
INSERT INTO ACT_SAB
	VALUES ("0b15b5bc-2a71-4b7d-a30d-b738253ab3a3",
	"9077372d-d9fd-4a87-8650-392461ab709a",
	"a616b7fd-b123-4a67-b37d-95797a95d43c");
INSERT INTO ACT_ACT
	VALUES ("0b15b5bc-2a71-4b7d-a30d-b738253ab3a3",
	'state',
	0,
	"399de6dd-2b81-4c78-8201-0875222e7d98",
	"00000000-0000-0000-0000-000000000000",
	0,
	'Button::init',
	"00000000-0000-0000-0000-000000000000");
INSERT INTO ACT_BLK
	VALUES ("399de6dd-2b81-4c78-8201-0875222e7d98",
	0,
	0,
	0,
	'TIM',
	'',
	'',
	2,
	1,
	2,
	9,
	0,
	0,
	0,
	0,
	0,
	0,
	0,
	0,
	0,
	"0b15b5bc-2a71-4b7d-a30d-b738253ab3a3",
	"00000000-0000-0000-0000-000000000000");
INSERT INTO ACT_SMT
	VALUES ("38586185-0631-42f0-986f-bd0172fccbe4",
	"399de6dd-2b81-4c78-8201-0875222e7d98",
	"d9555776-eb99-4d88-af69-bd264edb1bf0",
	1,
	1,
	'Button::init line: 1');
INSERT INTO E_ESS
	VALUES ("38586185-0631-42f0-986f-bd0172fccbe4",
	1,
	0,
	1,
	29,
	1,
	37,
	0,
	0,
	0,
	0,
	0,
	0);
INSERT INTO E_CES
	VALUES ("38586185-0631-42f0-986f-bd0172fccbe4",
	1,
	"9b32cd3c-cbcf-4a39-89c6-1a69e8415185");
INSERT INTO E_CSME
	VALUES ("38586185-0631-42f0-986f-bd0172fccbe4",
	"bab3af32-f5ed-4ef1-94e6-ea27121b68fe");
INSERT INTO E_CEI
	VALUES ("38586185-0631-42f0-986f-bd0172fccbe4",
	"5c74e28b-3dd9-43b9-bf20-b35cca210e37");
INSERT INTO ACT_SMT
	VALUES ("d9555776-eb99-4d88-af69-bd264edb1bf0",
	"399de6dd-2b81-4c78-8201-0875222e7d98",
	"00000000-0000-0000-0000-000000000000",
	2,
	1,
	'Button::init line: 2');
INSERT INTO ACT_AI
	VALUES ("d9555776-eb99-4d88-af69-bd264edb1bf0",
	"52036d2a-7567-4560-9bac-129168a1afca",
	"d766be5e-6b69-491b-bb39-7bb6445c4a3b",
	0,
	0);
INSERT INTO V_VAL
	VALUES ("d766be5e-6b69-491b-bb39-7bb6445c4a3b",
	1,
	1,
	2,
	1,
	5,
	0,
	0,
	0,
	0,
	"ba5eda7a-def5-0000-0000-00000000000f",
	"399de6dd-2b81-4c78-8201-0875222e7d98");
INSERT INTO V_TVL
	VALUES ("d766be5e-6b69-491b-bb39-7bb6445c4a3b",
	"0fb45776-8fdf-47c3-b5ea-470448d7fe22");
INSERT INTO V_VAL
	VALUES ("52036d2a-7567-4560-9bac-129168a1afca",
	0,
	0,
	2,
	14,
	-1,
	2,
	36,
	2,
	60,
	"ba5eda7a-def5-0000-0000-00000000000f",
	"399de6dd-2b81-4c78-8201-0875222e7d98");
INSERT INTO V_BRV
	VALUES ("52036d2a-7567-4560-9bac-129168a1afca",
	"667e1ce4-cf71-4eed-a1bd-96481786c72d",
	1,
	2,
	9);
INSERT INTO V_VAL
	VALUES ("56cbdad7-359f-4e2b-94f4-462426b8cf9f",
	0,
	0,
	2,
	50,
	57,
	0,
	0,
	0,
	0,
	"ba5eda7a-def5-0000-0000-000000000002",
	"399de6dd-2b81-4c78-8201-0875222e7d98");
INSERT INTO V_LIN
	VALUES ("56cbdad7-359f-4e2b-94f4-462426b8cf9f",
	'10000000');
INSERT INTO V_PAR
	VALUES ("56cbdad7-359f-4e2b-94f4-462426b8cf9f",
	"00000000-0000-0000-0000-000000000000",
	"52036d2a-7567-4560-9bac-129168a1afca",
	'microseconds',
	"c8a49bda-ef8c-479c-869a-ee76a7b5e333",
	2,
	36);
INSERT INTO V_VAL
	VALUES ("c8a49bda-ef8c-479c-869a-ee76a7b5e333",
	0,
	0,
	2,
	72,
	73,
	0,
	0,
	0,
	0,
	"ba5eda7a-def5-0000-0000-00000000000a",
	"399de6dd-2b81-4c78-8201-0875222e7d98");
INSERT INTO V_TVL
	VALUES ("c8a49bda-ef8c-479c-869a-ee76a7b5e333",
	"9b32cd3c-cbcf-4a39-89c6-1a69e8415185");
INSERT INTO V_PAR
	VALUES ("c8a49bda-ef8c-479c-869a-ee76a7b5e333",
	"00000000-0000-0000-0000-000000000000",
	"52036d2a-7567-4560-9bac-129168a1afca",
	'event_inst',
	"00000000-0000-0000-0000-000000000000",
	2,
	60);
INSERT INTO V_VAR
	VALUES ("9b32cd3c-cbcf-4a39-89c6-1a69e8415185",
	"399de6dd-2b81-4c78-8201-0875222e7d98",
	'ev',
	1,
	"ba5eda7a-def5-0000-0000-00000000000a");
INSERT INTO V_TRN
	VALUES ("9b32cd3c-cbcf-4a39-89c6-1a69e8415185",
	"00000000-0000-0000-0000-000000000000",
	'');
INSERT INTO V_VAR
	VALUES ("5c74e28b-3dd9-43b9-bf20-b35cca210e37",
	"399de6dd-2b81-4c78-8201-0875222e7d98",
	'self',
	1,
	"ba5eda7a-def5-0000-0000-000000000008");
INSERT INTO V_INT
	VALUES ("5c74e28b-3dd9-43b9-bf20-b35cca210e37",
	0,
	"ad43da6e-cc97-4d42-a755-33e041242c3e");
INSERT INTO V_VAR
	VALUES ("0fb45776-8fdf-47c3-b5ea-470448d7fe22",
	"399de6dd-2b81-4c78-8201-0875222e7d98",
	'timer',
	1,
	"ba5eda7a-def5-0000-0000-00000000000f");
INSERT INTO V_TRN
	VALUES ("0fb45776-8fdf-47c3-b5ea-470448d7fe22",
	"00000000-0000-0000-0000-000000000000",
	'');
INSERT INTO SM_STATE
	VALUES ("10e85e39-3d18-49f0-90f9-fd2685f4a832",
	"9077372d-d9fd-4a87-8650-392461ab709a",
	"00000000-0000-0000-0000-000000000000",
	'fire',
	2,
	0);
INSERT INTO SM_SEME
	VALUES ("10e85e39-3d18-49f0-90f9-fd2685f4a832",
	"bab3af32-f5ed-4ef1-94e6-ea27121b68fe",
	"9077372d-d9fd-4a87-8650-392461ab709a",
	"00000000-0000-0000-0000-000000000000");
INSERT INTO SM_CH
	VALUES ("10e85e39-3d18-49f0-90f9-fd2685f4a832",
	"8d0faadd-d001-4e7e-8a51-bff37699848b",
	"9077372d-d9fd-4a87-8650-392461ab709a",
	"00000000-0000-0000-0000-000000000000",
	'');
INSERT INTO SM_SEME
	VALUES ("10e85e39-3d18-49f0-90f9-fd2685f4a832",
	"8d0faadd-d001-4e7e-8a51-bff37699848b",
	"9077372d-d9fd-4a87-8650-392461ab709a",
	"00000000-0000-0000-0000-000000000000");
INSERT INTO SM_MOAH
	VALUES ("1abf32cf-15c8-4f87-abb1-e2165ddb5ca3",
	"9077372d-d9fd-4a87-8650-392461ab709a",
	"10e85e39-3d18-49f0-90f9-fd2685f4a832");
INSERT INTO SM_AH
	VALUES ("1abf32cf-15c8-4f87-abb1-e2165ddb5ca3",
	"9077372d-d9fd-4a87-8650-392461ab709a");
INSERT INTO SM_ACT
	VALUES ("1abf32cf-15c8-4f87-abb1-e2165ddb5ca3",
	"9077372d-d9fd-4a87-8650-392461ab709a",
	1,
	'LOG::LogInfo(message: ''fire'');',
	'',
	0);
INSERT INTO ACT_SAB
	VALUES ("d4605e70-3e96-4cba-9768-74f5071cff92",
	"9077372d-d9fd-4a87-8650-392461ab709a",
	"1abf32cf-15c8-4f87-abb1-e2165ddb5ca3");
INSERT INTO ACT_ACT
	VALUES ("d4605e70-3e96-4cba-9768-74f5071cff92",
	'state',
	0,
	"74087511-93af-4659-8865-630cc7df1323",
	"00000000-0000-0000-0000-000000000000",
	0,
	'Button::fire',
	"00000000-0000-0000-0000-000000000000");
INSERT INTO ACT_BLK
	VALUES ("74087511-93af-4659-8865-630cc7df1323",
	0,
	0,
	0,
	'LOG',
	'',
	'',
	1,
	1,
	1,
	1,
	0,
	0,
	0,
	0,
	0,
	0,
	0,
	0,
	0,
	"d4605e70-3e96-4cba-9768-74f5071cff92",
	"00000000-0000-0000-0000-000000000000");
INSERT INTO ACT_SMT
	VALUES ("0ee5d077-d1e7-4e76-93f3-11a7fcce8fae",
	"74087511-93af-4659-8865-630cc7df1323",
	"00000000-0000-0000-0000-000000000000",
	-1,
	-1,
	'Button::fire line: -1');
INSERT INTO SM_NSTXN
	VALUES ("4dfa956d-0fd3-4ef0-80ae-4efdbf5c4f3c",
	"9077372d-d9fd-4a87-8650-392461ab709a",
	"6ab71593-7eae-4d51-9f4e-a7c2d434b53e",
	"bab3af32-f5ed-4ef1-94e6-ea27121b68fe",
	"00000000-0000-0000-0000-000000000000");
INSERT INTO SM_TAH
	VALUES ("fc62569f-a3b5-49bb-b868-3ef7d405383a",
	"9077372d-d9fd-4a87-8650-392461ab709a",
	"4dfa956d-0fd3-4ef0-80ae-4efdbf5c4f3c");
INSERT INTO SM_AH
	VALUES ("fc62569f-a3b5-49bb-b868-3ef7d405383a",
	"9077372d-d9fd-4a87-8650-392461ab709a");
INSERT INTO SM_ACT
	VALUES ("fc62569f-a3b5-49bb-b868-3ef7d405383a",
	"9077372d-d9fd-4a87-8650-392461ab709a",
	1,
	'',
	'',
	0);
INSERT INTO ACT_TAB
	VALUES ("ebbe9bc0-e4a8-411e-8538-5a997da8c92e",
	"9077372d-d9fd-4a87-8650-392461ab709a",
	"fc62569f-a3b5-49bb-b868-3ef7d405383a");
INSERT INTO ACT_ACT
	VALUES ("ebbe9bc0-e4a8-411e-8538-5a997da8c92e",
	'transition',
	0,
	"d7129525-8b95-44c9-a9aa-a738f3ba15cc",
	"00000000-0000-0000-0000-000000000000",
	0,
	'Button1: fire',
	"00000000-0000-0000-0000-000000000000");
INSERT INTO ACT_BLK
	VALUES ("d7129525-8b95-44c9-a9aa-a738f3ba15cc",
	0,
	0,
	0,
	'',
	'',
	'',
	0,
	0,
	0,
	0,
	0,
	0,
	0,
	0,
	0,
	0,
	0,
	0,
	0,
	"ebbe9bc0-e4a8-411e-8538-5a997da8c92e",
	"00000000-0000-0000-0000-000000000000");
INSERT INTO SM_TXN
	VALUES ("4dfa956d-0fd3-4ef0-80ae-4efdbf5c4f3c",
	"9077372d-d9fd-4a87-8650-392461ab709a",
	"10e85e39-3d18-49f0-90f9-fd2685f4a832",
	"00000000-0000-0000-0000-000000000000");
INSERT INTO SM_NSTXN
	VALUES ("586eb513-de46-4fc6-a6d4-88ade5153160",
	"9077372d-d9fd-4a87-8650-392461ab709a",
	"10e85e39-3d18-49f0-90f9-fd2685f4a832",
	"bab3af32-f5ed-4ef1-94e6-ea27121b68fe",
	"00000000-0000-0000-0000-000000000000");
INSERT INTO SM_TAH
	VALUES ("4fc31b2f-20ea-40d1-a30f-0d41932672f4",
	"9077372d-d9fd-4a87-8650-392461ab709a",
	"586eb513-de46-4fc6-a6d4-88ade5153160");
INSERT INTO SM_AH
	VALUES ("4fc31b2f-20ea-40d1-a30f-0d41932672f4",
	"9077372d-d9fd-4a87-8650-392461ab709a");
INSERT INTO SM_ACT
	VALUES ("4fc31b2f-20ea-40d1-a30f-0d41932672f4",
	"9077372d-d9fd-4a87-8650-392461ab709a",
	1,
	'',
	'',
	0);
INSERT INTO ACT_TAB
	VALUES ("d2a795e3-3291-4f6e-9b56-f13fafa16b5d",
	"9077372d-d9fd-4a87-8650-392461ab709a",
	"4fc31b2f-20ea-40d1-a30f-0d41932672f4");
INSERT INTO ACT_ACT
	VALUES ("d2a795e3-3291-4f6e-9b56-f13fafa16b5d",
	'transition',
	0,
	"8095558d-506b-4ee3-ab67-bfbe0df04d5f",
	"00000000-0000-0000-0000-000000000000",
	0,
	'Button1: fire',
	"00000000-0000-0000-0000-000000000000");
INSERT INTO ACT_BLK
	VALUES ("8095558d-506b-4ee3-ab67-bfbe0df04d5f",
	0,
	0,
	0,
	'',
	'',
	'',
	0,
	0,
	0,
	0,
	0,
	0,
	0,
	0,
	0,
	0,
	0,
	0,
	0,
	"d2a795e3-3291-4f6e-9b56-f13fafa16b5d",
	"00000000-0000-0000-0000-000000000000");
INSERT INTO SM_TXN
	VALUES ("586eb513-de46-4fc6-a6d4-88ade5153160",
	"9077372d-d9fd-4a87-8650-392461ab709a",
	"10e85e39-3d18-49f0-90f9-fd2685f4a832",
	"00000000-0000-0000-0000-000000000000");
INSERT INTO SM_NSTXN
	VALUES ("b887e70e-39d5-4f23-b87b-a18a12a78a7b",
	"9077372d-d9fd-4a87-8650-392461ab709a",
	"6ab71593-7eae-4d51-9f4e-a7c2d434b53e",
	"8d0faadd-d001-4e7e-8a51-bff37699848b",
	"00000000-0000-0000-0000-000000000000");
INSERT INTO SM_TAH
	VALUES ("26c8af49-7806-4dde-af14-d834875ae5df",
	"9077372d-d9fd-4a87-8650-392461ab709a",
	"b887e70e-39d5-4f23-b87b-a18a12a78a7b");
INSERT INTO SM_AH
	VALUES ("26c8af49-7806-4dde-af14-d834875ae5df",
	"9077372d-d9fd-4a87-8650-392461ab709a");
INSERT INTO SM_ACT
	VALUES ("26c8af49-7806-4dde-af14-d834875ae5df",
	"9077372d-d9fd-4a87-8650-392461ab709a",
	1,
	'',
	'',
	0);
INSERT INTO ACT_TAB
	VALUES ("f21dba0f-23b1-4cbd-b5e4-158602d983db",
	"9077372d-d9fd-4a87-8650-392461ab709a",
	"26c8af49-7806-4dde-af14-d834875ae5df");
INSERT INTO ACT_ACT
	VALUES ("f21dba0f-23b1-4cbd-b5e4-158602d983db",
	'transition',
	0,
	"bdcd0c49-7ef8-4649-9190-a30b9c7d30f5",
	"00000000-0000-0000-0000-000000000000",
	0,
	'Button2: init',
	"00000000-0000-0000-0000-000000000000");
INSERT INTO ACT_BLK
	VALUES ("bdcd0c49-7ef8-4649-9190-a30b9c7d30f5",
	0,
	0,
	0,
	'',
	'',
	'',
	0,
	0,
	0,
	0,
	0,
	0,
	0,
	0,
	0,
	0,
	0,
	0,
	0,
	"f21dba0f-23b1-4cbd-b5e4-158602d983db",
	"00000000-0000-0000-0000-000000000000");
INSERT INTO SM_TXN
	VALUES ("b887e70e-39d5-4f23-b87b-a18a12a78a7b",
	"9077372d-d9fd-4a87-8650-392461ab709a",
	"6ab71593-7eae-4d51-9f4e-a7c2d434b53e",
	"00000000-0000-0000-0000-000000000000");
INSERT INTO PE_PE
	VALUES ("a6388312-f408-4025-9bbe-6135f087358f",
	1,
	"f2cb82c3-b4f8-4c4b-9679-e9164fb996b6",
	"00000000-0000-0000-0000-000000000000",
	9);
INSERT INTO R_REL
	VALUES ("a6388312-f408-4025-9bbe-6135f087358f",
	1,
	'',
	"00000000-0000-0000-0000-000000000000");
INSERT INTO R_SIMP
	VALUES ("a6388312-f408-4025-9bbe-6135f087358f");
INSERT INTO R_PART
	VALUES ("214f56bf-5fb1-4da3-9975-25af1fde3787",
	"a6388312-f408-4025-9bbe-6135f087358f",
	"e1d74946-0878-4269-a94b-9386e80f9e83",
	0,
	0,
	'');
INSERT INTO R_RTO
	VALUES ("214f56bf-5fb1-4da3-9975-25af1fde3787",
	"a6388312-f408-4025-9bbe-6135f087358f",
	"e1d74946-0878-4269-a94b-9386e80f9e83",
	-1);
INSERT INTO R_OIR
	VALUES ("214f56bf-5fb1-4da3-9975-25af1fde3787",
	"a6388312-f408-4025-9bbe-6135f087358f",
	"e1d74946-0878-4269-a94b-9386e80f9e83",
	"00000000-0000-0000-0000-000000000000");
INSERT INTO R_PART
	VALUES ("ad43da6e-cc97-4d42-a755-33e041242c3e",
	"a6388312-f408-4025-9bbe-6135f087358f",
	"4a1fa80b-497e-4831-b5d7-d4538a2ceb0b",
	0,
	0,
	'');
INSERT INTO R_RTO
	VALUES ("ad43da6e-cc97-4d42-a755-33e041242c3e",
	"a6388312-f408-4025-9bbe-6135f087358f",
	"4a1fa80b-497e-4831-b5d7-d4538a2ceb0b",
	-1);
INSERT INTO R_OIR
	VALUES ("ad43da6e-cc97-4d42-a755-33e041242c3e",
	"a6388312-f408-4025-9bbe-6135f087358f",
	"4a1fa80b-497e-4831-b5d7-d4538a2ceb0b",
	"00000000-0000-0000-0000-000000000000");
INSERT INTO PE_PE
	VALUES ("ba5eda7a-def5-0000-0000-000000000000",
	1,
	"00000000-0000-0000-0000-000000000000",
	"00000000-0000-0000-0000-000000000000",
	3);
INSERT INTO S_DT
	VALUES ("ba5eda7a-def5-0000-0000-000000000000",
	"00000000-0000-0000-0000-000000000000",
	'void',
	'',
	'');
INSERT INTO S_CDT
	VALUES ("ba5eda7a-def5-0000-0000-000000000000",
	0);
INSERT INTO PE_PE
	VALUES ("ba5eda7a-def5-0000-0000-000000000001",
	1,
	"00000000-0000-0000-0000-000000000000",
	"00000000-0000-0000-0000-000000000000",
	3);
INSERT INTO S_DT
	VALUES ("ba5eda7a-def5-0000-0000-000000000001",
	"00000000-0000-0000-0000-000000000000",
	'boolean',
	'',
	'');
INSERT INTO S_CDT
	VALUES ("ba5eda7a-def5-0000-0000-000000000001",
	1);
INSERT INTO PE_PE
	VALUES ("ba5eda7a-def5-0000-0000-000000000002",
	1,
	"00000000-0000-0000-0000-000000000000",
	"00000000-0000-0000-0000-000000000000",
	3);
INSERT INTO S_DT
	VALUES ("ba5eda7a-def5-0000-0000-000000000002",
	"00000000-0000-0000-0000-000000000000",
	'integer',
	'',
	'');
INSERT INTO S_CDT
	VALUES ("ba5eda7a-def5-0000-0000-000000000002",
	2);
INSERT INTO PE_PE
	VALUES ("ba5eda7a-def5-0000-0000-000000000003",
	1,
	"00000000-0000-0000-0000-000000000000",
	"00000000-0000-0000-0000-000000000000",
	3);
INSERT INTO S_DT
	VALUES ("ba5eda7a-def5-0000-0000-000000000003",
	"00000000-0000-0000-0000-000000000000",
	'real',
	'',
	'');
INSERT INTO S_CDT
	VALUES ("ba5eda7a-def5-0000-0000-000000000003",
	3);
INSERT INTO PE_PE
	VALUES ("ba5eda7a-def5-0000-0000-000000000004",
	1,
	"00000000-0000-0000-0000-000000000000",
	"00000000-0000-0000-0000-000000000000",
	3);
INSERT INTO S_DT
	VALUES ("ba5eda7a-def5-0000-0000-000000000004",
	"00000000-0000-0000-0000-000000000000",
	'string',
	'',
	'');
INSERT INTO S_CDT
	VALUES ("ba5eda7a-def5-0000-0000-000000000004",
	4);
INSERT INTO PE_PE
	VALUES ("ba5eda7a-def5-0000-0000-000000000005",
	1,
	"00000000-0000-0000-0000-000000000000",
	"00000000-0000-0000-0000-000000000000",
	3);
INSERT INTO S_DT
	VALUES ("ba5eda7a-def5-0000-0000-000000000005",
	"00000000-0000-0000-0000-000000000000",
	'unique_id',
	'',
	'');
INSERT INTO S_CDT
	VALUES ("ba5eda7a-def5-0000-0000-000000000005",
	5);
INSERT INTO PE_PE
	VALUES ("ba5eda7a-def5-0000-0000-000000000006",
	1,
	"00000000-0000-0000-0000-000000000000",
	"00000000-0000-0000-0000-000000000000",
	3);
INSERT INTO S_DT
	VALUES ("ba5eda7a-def5-0000-0000-000000000006",
	"00000000-0000-0000-0000-000000000000",
	'state<State_Model>',
	'',
	'');
INSERT INTO S_CDT
	VALUES ("ba5eda7a-def5-0000-0000-000000000006",
	6);
INSERT INTO PE_PE
	VALUES ("ba5eda7a-def5-0000-0000-000000000007",
	1,
	"00000000-0000-0000-0000-000000000000",
	"00000000-0000-0000-0000-000000000000",
	3);
INSERT INTO S_DT
	VALUES ("ba5eda7a-def5-0000-0000-000000000007",
	"00000000-0000-0000-0000-000000000000",
	'same_as<Base_Attribute>',
	'',
	'');
INSERT INTO S_CDT
	VALUES ("ba5eda7a-def5-0000-0000-000000000007",
	7);
INSERT INTO PE_PE
	VALUES ("ba5eda7a-def5-0000-0000-000000000008",
	1,
	"00000000-0000-0000-0000-000000000000",
	"00000000-0000-0000-0000-000000000000",
	3);
INSERT INTO S_DT
	VALUES ("ba5eda7a-def5-0000-0000-000000000008",
	"00000000-0000-0000-0000-000000000000",
	'inst_ref<Object>',
	'',
	'');
INSERT INTO S_CDT
	VALUES ("ba5eda7a-def5-0000-0000-000000000008",
	8);
INSERT INTO PE_PE
	VALUES ("ba5eda7a-def5-0000-0000-000000000009",
	1,
	"00000000-0000-0000-0000-000000000000",
	"00000000-0000-0000-0000-000000000000",
	3);
INSERT INTO S_DT
	VALUES ("ba5eda7a-def5-0000-0000-000000000009",
	"00000000-0000-0000-0000-000000000000",
	'inst_ref_set<Object>',
	'',
	'');
INSERT INTO S_CDT
	VALUES ("ba5eda7a-def5-0000-0000-000000000009",
	9);
INSERT INTO PE_PE
	VALUES ("ba5eda7a-def5-0000-0000-00000000000a",
	1,
	"00000000-0000-0000-0000-000000000000",
	"00000000-0000-0000-0000-000000000000",
	3);
INSERT INTO S_DT
	VALUES ("ba5eda7a-def5-0000-0000-00000000000a",
	"00000000-0000-0000-0000-000000000000",
	'inst<Event>',
	'',
	'');
INSERT INTO S_CDT
	VALUES ("ba5eda7a-def5-0000-0000-00000000000a",
	10);
INSERT INTO PE_PE
	VALUES ("ba5eda7a-def5-0000-0000-00000000000b",
	1,
	"00000000-0000-0000-0000-000000000000",
	"00000000-0000-0000-0000-000000000000",
	3);
INSERT INTO S_DT
	VALUES ("ba5eda7a-def5-0000-0000-00000000000b",
	"00000000-0000-0000-0000-000000000000",
	'inst<Mapping>',
	'',
	'');
INSERT INTO S_CDT
	VALUES ("ba5eda7a-def5-0000-0000-00000000000b",
	11);
INSERT INTO PE_PE
	VALUES ("ba5eda7a-def5-0000-0000-00000000000c",
	1,
	"00000000-0000-0000-0000-000000000000",
	"00000000-0000-0000-0000-000000000000",
	3);
INSERT INTO S_DT
	VALUES ("ba5eda7a-def5-0000-0000-00000000000c",
	"00000000-0000-0000-0000-000000000000",
	'inst_ref<Mapping>',
	'',
	'');
INSERT INTO S_CDT
	VALUES ("ba5eda7a-def5-0000-0000-00000000000c",
	12);
INSERT INTO PE_PE
	VALUES ("ba5eda7a-def5-0000-0000-00000000000d",
	1,
	"00000000-0000-0000-0000-000000000000",
	"00000000-0000-0000-0000-000000000000",
	3);
INSERT INTO S_DT
	VALUES ("ba5eda7a-def5-0000-0000-00000000000d",
	"00000000-0000-0000-0000-000000000000",
	'component_ref',
	'',
	'');
INSERT INTO S_CDT
	VALUES ("ba5eda7a-def5-0000-0000-00000000000d",
	13);
INSERT INTO PE_PE
	VALUES ("ba5eda7a-def5-0000-0000-00000000000e",
	1,
	"00000000-0000-0000-0000-000000000000",
	"00000000-0000-0000-0000-000000000000",
	3);
INSERT INTO S_DT
	VALUES ("ba5eda7a-def5-0000-0000-00000000000e",
	"00000000-0000-0000-0000-000000000000",
	'date',
	'',
	'');
INSERT INTO S_UDT
	VALUES ("ba5eda7a-def5-0000-0000-00000000000e",
	"ba5eda7a-def5-0000-0000-00000000000b",
	1,
	'');
INSERT INTO PE_PE
	VALUES ("ba5eda7a-def5-0000-0000-00000000000f",
	1,
	"00000000-0000-0000-0000-000000000000",
	"00000000-0000-0000-0000-000000000000",
	3);
INSERT INTO S_DT
	VALUES ("ba5eda7a-def5-0000-0000-00000000000f",
	"00000000-0000-0000-0000-000000000000",
	'inst_ref<Timer>',
	'',
	'');
INSERT INTO S_UDT
	VALUES ("ba5eda7a-def5-0000-0000-00000000000f",
	"ba5eda7a-def5-0000-0000-00000000000c",
	3,
	'');
INSERT INTO PE_PE
	VALUES ("ba5eda7a-def5-0000-0000-000000000010",
	1,
	"00000000-0000-0000-0000-000000000000",
	"00000000-0000-0000-0000-000000000000",
	3);
INSERT INTO S_DT
	VALUES ("ba5eda7a-def5-0000-0000-000000000010",
	"00000000-0000-0000-0000-000000000000",
	'timestamp',
	'',
	'');
INSERT INTO S_UDT
	VALUES ("ba5eda7a-def5-0000-0000-000000000010",
	"ba5eda7a-def5-0000-0000-00000000000b",
	2,
	'');
